account_id,count_recent,count_previous,activity_ratio,recency,mean_amount,tenure
1527,-0.9916923019754404,-0.6713179503533837,-0.22518564564603108,-0.29782007891430284,-0.24517875427784055,0.014606878960027546
4137,-1.1633570696389908,-0.7628664303799881,-0.2529381544068517,-0.29756463976867037,1.4546216466147475,-0.30071391195796743
364,0.8853476663288119,-0.0859611165849332,-0.2849135709424822,-0.6149035507334258,-0.09971297060638196,0.009078499512178454
3885,-1.024751603290022,-0.5818725434745836,-0.35369519682045547,-0.3602785437999835,-0.15066986146354125,-0.18407377985925313
922,-1.1090755369147125,1.173476944038453,-0.4150420666546929,-0.29436372781723336,0.7015870276191701,0.21145453970854988
1418,-0.9633027819337061,0.9929209367187417,-0.2279646765974169,-0.3530883219318256,-0.16436925558820495,-0.44634428168002044
4478,2.7568120958018256,0.8143246345996197,0.1607983937493765,0.16166502537042796,-0.33884174269194733,0.2559600186809466
203,-1.0506329759894946,1.060774124345675,-0.6570890814208313,-0.35347885392490075,-0.3215943361998089,-0.1065056090881221
2519,0.9213904441185812,-0.03307418025030512,-0.2745968950094707,-0.5868923591467411,-0.33419715124615773,0.4884718296735824
1629,-0.981672951703492,-0.8510884029093073,1.2344923729156858,-0.6978337828566046,-0.29420771878227464,0.1770973452345193
1387,-1.0743608682026513,0.24882698028855366,-0.6289351509953149,-0.3050779927787921,0.016014404967498348,-0.1805538605597189
3253,0.7869643148641529,0.18407367811876935,-0.3679381057096114,-0.013932041907737317,0.022402051156813964,-0.17188586257368008
995,-1.0082020136583816,-0.7128865530136708,-0.32162799185849167,-0.3067638909973196,-0.07082206406932197,0.05989145669976131
587,-1.0386478343358885,-0.5506474313786257,-0.5286326701366759,-0.3559964687652844,-0.13734898333818266,0.08464348866671198
2118,3.010276537191925,0.2274833415059955,-0.7029424982163184,-0.1902871020846258,0.06716422680230716,0.19444749556339055
1109,0.8881981895190516,-0.19634083285274634,0.0394085265270672,-0.5974747586487087,-0.12931346036735233,-0.27111992488878234
1427,0.6279496377511284,0.31664777379305226,-0.31845334358780947,0.0032491714939051437,0.00471425033550641,-0.3515059957065474
2319,-0.9632022589291878,0.30068849545691856,-0.5627076496654654,-0.3567445274470479,-0.1821190397110136,-0.31383968011955454
1207,-1.0524942877936423,-0.5564993309319165,-0.19502155871886523,-0.357657068179139,-0.029091249321077393,0.060457462819086136
3139,-1.076119453278712,0.35980204934590393,-0.5723281706188372,-0.355630616340474,-0.1312695445825446,0.7767210762356169
384,-1.0268019087886684,-0.656908302021799,-0.24209152044753351,-0.298323775852842,0.020115299970949553,-0.29105918028268146
2095,0.6733640812382474,0.9540299616609944,-0.4203704350776232,-0.07087900464713161,-0.04427598435429009,-0.5243082800212785
2329,-1.039931582068511,0.2732191152851781,-0.2360298826506653,-0.3554744600262684,0.5216674318332419,0.04695254361400012
1276,0.7772368093572097,0.2790258359293805,-0.266606631271483,0.22836413344105133,-0.20822875610107092,0.17225299950795733
768,-1.1275952030688408,-0.7612737370916549,-0.25495457643008174,-0.2769605996673802,-0.06203571208845941,0.0480996895006522
1158,0.7748258767372138,0.28883468850344574,-0.372997605318954,-0.5521821526030085,-0.5075580299414839,-0.16170083574402355
3397,-0.9812002672505608,0.12014505819552107,-0.6175055016633574,-0.5363610664620178,0.10408656586045087,0.04362798194244263
4679,-1.1397399582756529,-0.8410711604644521,-0.37600773821202665,-0.18325722490153726,-0.06051829237722801,-0.29105918028268146
1530,-1.0369875685407774,1.248737259357316,0.029391311916236135,-0.3504759140741381,0.605793976450371,0.7009513985199077
4581,2.911729940961785,1.097166067423948,0.9967276578543202,-0.39240814381177413,0.9113160558154921,0.02943374224469798
2895,0.8840074304051732,-0.8162070380431301,1.5450121329793538,-0.48684276564323187,-0.07609966142666474,0.21808183115781643
1248,2.773819791728746,0.22440508778673715,-0.2844929360287842,-0.171680882137724,0.5379402523129088,-0.19595696162309414
97,-1.028403084035092,-0.6454358757987283,-0.3144622676052277,-0.2990901463350823,-0.009896912358053317,0.06363624972515583
3356,2.1903562878576,0.48500341339702857,0.525480155439095,0.2504309831476182,-0.7399468108619917,-0.3005392431985811
4176,0.9484636941780458,1.5560017182705173,0.9493325019355553,-0.32426424400021764,0.06487068666965629,-0.10116518153364296
1382,-1.024751603290022,-0.5818725434745836,-0.2326420350385106,-0.3602785437999835,-0.15218728117477262,-0.18407377985925313
2892,-1.0637923421492324,0.08311388753591717,-0.6010771920371623,-0.30806782868787674,0.007388757430583367,-0.15224634072629667
2602,-1.024482058086421,-0.8257944126227712,0.42426570604416286,-0.28491937874217654,-0.3045171811728927,-0.2581630818923886
4851,-1.1499285433423752,0.8094655625266991,-0.16017891671161705,-0.08705299221271819,0.6372444286899082,-0.10491080252476412
4037,-1.0377023022272203,1.0260112111403148,-0.2471068745537167,-0.3925323879755056,-0.15399243737137427,0.048498490006449076
4746,0.7754472391063472,0.1524653407217349,-0.40750737909507495,-0.5961336282903872,-0.2820945896848892,-0.39531075004695954
617,-0.9804593291547612,-0.7066217620762485,-0.2961882397753802,-0.31042430192034687,-0.036244670238920834,-0.13356910212182083
1989,-1.0760075648442746,0.21194222325205886,-0.2204538152292669,-0.2076582537229619,-0.14163016141324594,-0.23894235931992422
4823,-1.0430743149041095,-0.6248463151111359,0.49145199764026093,-0.36434577983315597,0.01514109461766164,0.13258897475158035
3883,-1.2666261759366033,0.27110691402640935,-0.5663631740614417,0.10127257402305845,0.9739138942568449,-0.03466534270351306
1273,-0.9674079357268232,0.2147663489597339,-0.6367544085144776,-0.5390011945087843,0.15571580647264424,0.0190900534362639
124,0.5995417699500648,0.31781451461892446,-0.2863257085897813,-0.019492812796734326,-0.008339179704918657,-0.48755706163637064
2815,-1.0829577881739845,-0.05567686747407476,-0.6128337578319728,-0.23285301395847308,-0.09825097167582872,0.07438570219066543
3515,-1.0840425737408421,-0.7811520699071607,1.074925362005843,-0.8204893616518428,-0.025644627118881123,0.044772219394071354
772,-0.9875643279728644,0.1225020696952393,-0.6267435013242973,-0.5271753776682446,0.10895580910453165,-0.31513767415241395
2579,0.7937654815938939,0.2111378118408589,-0.4032502414927418,-0.25790834659462336,0.005604700834337055,0.17951103415658515
582,-1.039931582068511,0.9512881248540519,-0.37694273554536845,-0.35107268086175053,-0.08862108296180579,0.04438080847014252
1006,-0.9633027819337061,0.3630655605761053,-0.31136927002982046,-0.357135059440123,-0.29757209053096545,-0.3186488368308696
2368,-1.1860541644926745,0.24531443057773283,-0.3710909913839021,-0.22458505481127972,-0.025668162612478233,-0.011564365632524097
2852,2.8726692415317943,0.9163475574084458,0.1505613455818773,0.1636806664405031,0.5589639590881957,0.10427448981586407
3306,-1.0006603995314711,-0.6708090883413955,-0.35247327591794825,-0.302102153949002,0.010842327604556418,-0.1808949929531834
2056,-1.149065704075051,0.19560327356708718,-0.6977519580760388,0.07658748431682495,-0.04798543719574777,0.008932342740134084
4753,-0.9772893091721728,-0.6469020810176882,0.4918425296333361,-0.3639552478400808,-0.15524496657381323,0.569271082783154
137,0.9557935349959793,-0.9693580128742827,2.263670853020491,-0.029639452509949277,0.9826076756516912,-0.09150655964510207
258,0.7848436815185909,0.2033428035809613,-0.3258384565150655,-0.24609469437620335,0.41164559555462865,0.06363838808222363
1481,-1.1471441433678478,-0.7505554123244338,-0.29356336262140564,-0.0880318928366148,-0.08284292035002964,-0.2938479258234174
4337,-1.118767140992822,-0.6718283302128547,-0.2455050910210587,-0.21119227007589741,-0.10611149875701854,-0.18407377985925313
3047,-1.0542737831042546,0.9868958619396337,-0.6341081912728087,-0.20400204820773973,-0.1134741284852645,-0.43293916233377483
4174,0.8758111605925869,-0.16934463467054633,-0.2740155087723261,-0.6021354718133916,-0.2883841168190928,-0.20392274615406134
1238,-1.024751603290022,-0.5502345399944941,-0.016226961298109223,-0.3606690757930586,-0.004678455726877735,-0.14435119378712352
3956,0.8312275887106326,0.08391052419841796,-0.6650712876256855,-0.2356148779412938,-0.24931858963212108,0.20513642616680275
200,-1.024751603290022,-0.5818725434745836,-0.2326420350385106,-0.3602785437999835,-0.15218728117477262,-0.18407377985925313
1739,-1.0716039179718888,-0.6725950865213353,-0.40418113643340975,-0.29565131882981244,0.6510605560660271,0.7322320488687515
4257,-0.9517199902331527,0.13782887048137749,-0.27662236891107417,-0.5260749139420929,-0.16282809769144782,0.5239991008565387
1616,0.652620284056307,0.17288727180404245,0.033106210835092374,0.04133464272833497,-0.021970378232770232,-0.48497712300543033
1310,0.9999000042004442,1.7102010944586343,1.466730439802285,-0.5733263666727507,-0.006530809108607073,0.2792298803651464
3328,2.520528916291794,0.009634988086654087,-0.29394901295749915,-0.18356288372232546,-0.16930575953259283,-0.20142388215930082
3456,2.636359024961912,-0.011717780059988062,-0.35027841937989374,-0.9799715893910252,-0.5101625479167454,0.9647408267371118
76,-0.9768602939940535,-0.6708090883413955,-0.21367898540349925,-0.302102153949002,-0.25763965421746826,-0.214387803493808
103,-1.0268019087886684,-0.656908302021799,-0.24209152044753351,-0.298323775852842,0.020115299970949553,-0.29105918028268146
4767,-1.0877250795904334,-0.06243922455936811,-0.25605866288647744,-0.19040896082475875,-0.8077446323614669,-0.28460302141010047
2696,-1.1339471197713114,0.17290589256028524,-0.2505053915287959,-0.1125716465908757,-0.2284662605853768,0.04377375670793044
4267,-1.1236926951704798,-0.8050013793481027,-0.2517704723129925,-0.10602988522276659,-0.02665828568440906,-0.24303658347307497
2,2.674502071428842,0.37901038564825595,0.7347808396828192,0.12284620335268458,1.017214891888365,0.09668935545704282
1447,2.77137131755832,0.17763205139290963,-0.4176117382231213,0.13002792892125126,-0.08360145187284909,0.13615146393359095
2859,-1.0283286669872616,1.1901768516203997,-0.19733705751065586,-0.29436372781723336,-0.20890934182497858,0.21871199892770118
2045,-1.1662236268588069,0.35212209817506623,-0.6298692263156169,-0.23284959964943067,0.5069585511275911,0.3566117035521966
4641,-1.005020281910356,0.24152957099827338,-0.21912400784916286,-0.2978017671138261,-0.2772614076305951,-0.32569913670995815
2539,-1.1655327960167288,-0.7394366166443875,0.5050573924902023,-0.2105200364469414,-0.10049716993152784,0.8251937398123467
2821,-0.9189653861279385,-0.047522794051406525,-0.3409271006592029,-0.5893262541475442,-0.19872690964259995,-0.2928872254666551
1110,-1.0536775125217464,0.974812395846115,-0.3286508529141927,-0.35347885392490075,0.03811596698568466,0.046211467347426254
1657,4.028605110047607,0.17081441905123015,2.21117400519248,6.125815844799253,0.06647245287352027,0.39046790820014815
3159,0.7025420466956842,0.22266960170447614,-0.3700126730289148,0.06667691437189721,-0.2553155492863486,0.4504192136047014
4694,-1.0524942877936423,-0.3454134961756075,-0.19463102672579008,-0.35726653618606385,0.4653589996309185,0.06363624972515583
4502,-1.0023015340100467,-0.7277744730969173,-0.22640269102815652,-0.29817102516278104,-0.3718061565464563,0.29511140684460335
4057,4.19770876198292,-0.0091623263159362,1.8443081897966287,6.820276457229866,0.11642317452943376,0.21003765911457029
3252,-1.0128963647822267,1.2288869634536301,-0.2945673682754603,-0.2928962910107691,0.06771419867751313,0.1350002630374339
2979,-1.0521287725246797,0.21075888867547032,-0.3553678422405109,-0.29745422648949255,-0.018312752901618705,0.11661966289507944
2248,-0.9525552441641542,0.1332322243681914,-0.10771279200268341,-0.5266716807297054,-0.15671259727163375,0.01576415872268826
4044,3.078743014121065,1.5046423303621792,3.054503544014025,0.2686567314939714,0.9440298490930317,-0.0698072991657071
1224,2.380689820131483,-0.23320778048165583,0.42356574877279013,-1.0445598813840258,-0.49472841648195315,-0.1622009793162651
4340,-1.052076337275323,0.9466994114793092,-0.25628010575649857,-0.3519669097933648,-0.25121164840203064,-0.29477806131319106
2611,0.6982589233722508,0.055572450303387345,0.037226677051713335,-0.24374803967509837,-0.13803104080603987,-0.34743941743433143
2311,-1.052076337275323,0.9466994114793092,-0.37733326753844354,-0.3519669097933648,-0.2496942286907993,-0.29477806131319106
4941,-1.1078923121866084,-0.6418953456184693,0.0508349827017148,-0.2985419420714714,0.6532166899863856,0.1362346029387825
192,0.8057019377821547,0.20987737889615266,-0.3217585580893952,0.1593772384086646,-0.11630883439976636,0.07747959471159434
1545,-1.0844438335004571,-0.6461103596191037,-0.23941740716143392,-0.2985419420714714,0.6401519941768135,0.18841975127103544
2796,-1.0489262896532159,-0.8522611192116258,-0.23082530072375698,-0.15853566699405933,-0.24197763689984572,0.6448880133091178
1440,-0.9806767797272178,0.22861474855191816,-0.2697214176758323,-0.5941486579049401,0.4175758929318285,-0.21620265249599613
3913,0.8153318929320712,0.06000587140095681,-0.2542299355694487,0.059853749445862865,-0.10889557335603059,0.24661599100463316
4799,-1.0036969635730066,-0.6722562129306073,-0.18063982422499864,-0.2979762352285084,-0.26806216498846525,0.17577799404364775
2119,0.8592901349910942,0.06576214064674908,-0.41219826819955385,-0.5495198528514071,0.07728554534450416,0.058983098632631195
3228,2.0267510782682554,1.2969385865388388,1.6460930174904473,-1.1083945360631482,-0.13429176840723409,-0.09453240479333264
1732,-0.9752049806217691,-0.6257620894042459,-0.20057483007654683,-0.3067638909973196,-0.5855608754800669,0.07123955448438886
1935,-0.9916923019754404,-0.6713179503533837,-0.22518564564603108,-0.29782007891430284,-0.24517875427784055,0.15679056512411343
1991,0.9439565848221301,-0.03262418652964644,-0.27298410320624705,-0.5954102491768886,-0.4280005071170932,0.23154397197651164
3332,-1.1202074025946138,0.9030344372770951,-0.33210024504126606,-0.042412787318046576,-0.08778783568720483,-0.0019450209382088832
3782,-1.0783063236169903,-0.6240582104898605,-0.24354009720866662,-0.37425230435552964,-0.11283186057328716,-0.010417219745872024
1600,-0.9768602939940535,-0.6391710848613061,-0.24889967236665955,-0.302102153949002,-0.2539661005858783,-0.1746652174216785
287,-1.185161776848359,-0.6875292703259,-0.21269258570118416,-0.22532218694564904,-0.03224075492744768,0.1769963947489702
4401,2.5459636515158777,0.08235859553675633,0.480945454669479,-0.17823179023647912,-0.3101509757679701,0.055250882603203114
4292,-1.1192461823887039,-0.056376690595889914,-0.6494105846730198,-0.23389150534120143,-0.264706235485727,0.12559174503342482
2864,-1.1292444018020091,-0.8269367031596666,0.4339486263458132,-0.20976711334512335,0.552889909646488,0.6115850658737554
880,0.8734688238486319,0.07572096934533595,-0.35066824402182956,-0.3117517432865556,0.7919518111390628,0.6094065538603144
3041,-0.9390031913184422,0.03650297047657304,-0.291061686217194,-0.5393730740759374,0.0339039307399028,-0.17236090702856383
787,-1.0026881809244197,-0.06509652224376529,-0.6286367198377213,-0.5898535475598464,-0.19932383708302123,0.013531574565326072
3527,3.431049063313829,-0.6132632916141832,2.1425600728223966,4.375290397983609,-0.3124205707457751,0.46824353428837845
2967,3.7249127032488145,0.2131776154096976,2.4435700552572324,5.409804172796541,0.049362720867930775,0.06508026786933994
3043,0.8705194357517841,-0.9918855072008825,1.2723308061723615,-0.399086150109412,-0.12209410846308195,0.22126061806388614
823,0.892904486929207,0.7524784148253858,2.045794676773614,0.20863737045912073,0.6096853426059373,0.019189032877822847
334,0.8550944184904306,0.2808115761119519,-0.7000823729622819,0.07141970882017307,0.009620824113207669,0.22315818709841287
680,-1.1050536876601247,0.22053938115890598,-0.25996993053626494,0.07139012288107416,-0.253895152399769,0.05984658779107664
2767,0.7967925505096755,0.7490938989977147,0.5221972537947678,-0.19629601298223964,-0.47694731360225934,-0.6889081426219871
4157,-1.1198498427164072,0.2712933871968444,-0.5718234569049095,-0.21067026133688163,-0.07336416224882153,-0.1563628290715936
321,-1.1339461613990296,1.1363151237798523,-0.32160967837559723,0.1490044173974578,-0.07463365182000758,0.15954508180117094
3901,-1.115239583497031,-0.9151242742196055,-0.33793719436969666,-0.19169734004601477,-0.2562155044254824,0.0257502832255237
1306,0.7976913186683475,0.20590583580057337,-0.6192585684355933,0.056468070580762676,-0.2374889897161522,-0.16959772894354305
3205,-1.0536775125217464,1.05814358495133,-0.32826032092111757,-0.3530883219318256,-0.1638231154447705,-0.05815203456911317
555,-1.1690522892579267,-0.7674825265064487,-0.30271435130615904,-0.11285927965102198,-0.11642367896175602,0.8262217966412778
177,-1.038748357340407,-0.5439828365854166,-0.3647571351250608,-0.35638700075835955,-0.24355568450742762,0.04492090259458252
4150,-1.068961034123599,0.026877992056677343,-0.6022991129396696,-0.238017424061695,-0.13559212708944948,-0.15224634072629667
1960,-0.9621195572056028,-0.6835889165994551,-0.1997596940482742,-0.35726653618606385,0.4631810875377938,-0.329472439343355
2156,-1.076119453278712,1.2016920088827703,-0.6257166071698187,-0.352364942818327,-0.5555192033124123,0.19828246300314464
1617,2.462414719645513,0.5082505922052598,-0.26590146232014383,0.12375156193910841,-0.6470493578368711,0.9426501970090011
1946,0.8600574288243383,1.4663532168894535,0.8391793832235463,-0.30096373932267173,-0.14168763706932572,0.16717418647305135
1480,-1.110812850538063,0.9003718855432887,-0.3258889770557748,-0.05911709806150955,-0.07107706536314973,0.1649642685410355
1766,-1.0686547313708046,0.03824825185318513,-0.6689389027949376,-0.5284722545344543,1.763382563040465,0.7840734484956925
2520,-1.1107915906427641,0.04306202605912877,-0.5791827609864818,2.316600116029864,-0.24350390274674755,0.12407579161776089
3807,0.8603317251146728,0.957032012634812,1.654993167646286,-0.4200718368390921,-0.009256292951768963,0.23028532948847114
946,-0.9987024988493397,-0.6445168701604611,-0.2763556421325809,-0.2990901463350823,-0.14375097602504475,0.1852046174833775
4169,-1.0524942877936423,-0.5564993309319165,-0.19502155871886523,-0.357657068179139,-0.029091249321077393,0.060457462819086136
4785,-1.055846375121874,1.2273025419284704,-0.44598557794980626,-0.298489646537727,0.6986594547725906,-0.08720726202636503
2588,-1.1150592661822558,0.6455532488147409,-0.2533897302300574,-0.157669103681863,-0.2202920849197544,0.21251147220713842
4455,0.8667144640145791,-0.06290693162878268,-0.3056528897304378,-0.6124174117628802,-0.09971297060638196,-0.3649585241742164
3731,0.7399869248128798,0.13168470274350336,-0.4058770092898296,-0.5961336282903872,-0.14723848162485362,-0.5259386498265239
1904,0.8999023643511376,-0.04672395254194556,-0.35507504972706316,-0.5439590819624102,0.10455306321622285,-0.17188586257368008
1344,-1.038748357340407,-0.6638528029399425,-0.36436660313198566,-0.35326200183783096,-0.185902575842509,0.18757756815745966
3586,-1.0762199762832303,0.9495337149076322,-0.2161249322957793,-0.352364942818327,0.04290637706564325,0.16158535490103446
1425,-1.0283495221247216,0.8558193450643661,-0.3235165145945331,-0.2740524528339214,-0.2002315680052468,-0.36297072341732134
1572,-1.0133572299823568,-0.09254523376470605,-0.2471068745537167,-0.5868637116507619,0.01317494146030476,0.033577629250912726
2724,2.2507197897639113,-0.07068568960608011,0.4353640398852704,-1.034001329730573,-0.7586246176554376,-0.5130094023816032
2440,-1.1158339421362837,-0.8533927435108422,-0.3992920269307389,-0.16357626068824369,-0.05883049812548808,-0.18222053671713692
1765,3.1861159588288945,0.37992696737755344,2.422171976063789,0.4911227794245998,-0.03441579306082804,-0.4685703545327966
3553,2.6943152497564795,-0.7307958762244386,2.790935860855643,1.6609687851871067,-0.9050849449420689,-0.0027184723758401793
3598,-1.0506612856697521,0.35109533240950225,-0.36129935107121847,-0.0016722893590273159,-0.23849340137659233,-0.2140466711003435
721,2.229948294110517,0.7218803467120924,2.0911477917127836,0.18713835224867892,-1.2503099246932927,-0.5764780391773239
4815,4.001511766024488,0.39113691510698895,2.47601478580934,6.287696746141708,-0.3408215531692533,-0.1157067997013191
367,-1.024751603290022,-0.5818725434745836,-0.35369519682045547,-0.3602785437999835,-0.15066986146354125,-0.18407377985925313
4163,-1.148520873193133,-0.6902193723321813,0.15516446933005715,-0.36268769300510306,0.5869165132933493,0.6291353350660754
2888,-1.1078423327850881,-0.7000997851660087,0.6185745551597372,-0.210754412125811,-0.18592263458240246,0.04607746652713003
989,-1.0561350949084023,-0.6322981370124833,-0.21586557273165022,-0.20857079445505283,-0.22955567427334225,-0.3310208564441793
566,-1.0369875685407774,1.2747272832084666,-0.28638994081527264,-0.3554063207120698,-0.146903543594034,0.0826516542633692
1065,0.8492879356347846,0.1116914160443209,1.6554063675338713,-0.47613149582168246,-0.08937152666691109,-0.1439348049460545
711,-1.0256357573062767,1.211805752721072,-0.660448475659469,-0.2937980209742704,0.04991355136910605,0.24840874537782048
593,-1.153874335582908,0.4380216585899946,-0.029291384755002633,0.12373618429675554,0.495804794931925,0.4198145268258689
1718,-1.1862250531650764,1.0494602440153435,-0.2979039089152217,-0.13074028446137873,0.010143652939459789,-0.09863061854843028
3330,-1.1073727676851577,0.24602387619049637,-0.41824114268432255,-0.23201558053869062,0.6240142654594557,-0.02612404305272371
1720,4.753353380417021,0.004880538433992959,-0.5387499490591579,4.861591673952602,0.23264447455636492,0.26873723503229846
841,-1.0853498484251245,-0.6462711347241725,-0.3554987218091589,-0.2996558531780453,0.6364787325687673,0.0646402607765314
726,-1.0489747945524444,-0.6226604927742373,0.49169702329555115,-0.36111075327067654,-0.01164732057961785,0.059429405990155004
2363,-1.1727965656379902,1.0589153572781276,-0.44377543230614497,0.012033317708087342,0.40324173616915526,0.07883305399999152
387,-0.9124674591100043,1.030915358295212,0.05568696802241194,-0.29491193208084415,-0.118080555945838,-0.3606837007582984
3592,-1.0465938081453074,-0.55549821058878,-0.31913033503639177,-0.34871268884229634,-0.17817770207269587,0.6281679885386157
3058,-1.022990814490392,1.2744199978512585,-0.2851178828664372,-0.35610032954574533,-0.14768460758018423,-0.09798935369166775
4653,-1.129830696186669,-0.8539016055228303,-0.28255156136312837,-0.1615217083815016,-0.06034791783671948,-0.0006800910020089829
2379,4.279460790559162,0.011315877746339055,1.9431139235034272,5.844058689970119,1.2605034998169486,0.04503788379736904
1267,3.6365084153961638,0.10958043584116345,2.2115406622876357,5.4846418059613695,-0.5664165825164347,-0.13273249705680898
4153,2.5072892178475286,0.4497130767023676,1.293196861946986,0.12527225461046287,0.2066450676970981,0.13390545668934362
928,-1.0116512547419318,-0.6708090883413955,-0.23142011413600336,-0.302102153949002,0.009324907893325044,-0.1699041377427226
2769,0.7454849749622986,0.18885713513812755,-0.28342126689344677,-0.3228985162164992,-0.060939699884908965,0.07034726717524864
143,0.795604978713794,0.47110978395791203,0.7319140000475658,2.4763937232822535,-1.1566988230953572,-0.215577757565496
4644,0.8024001585187356,0.28157138880293436,-0.6068090379202178,1.2594305964536476,0.6510987135937942,-0.2938066588672366
3265,-1.0920522540702258,-0.6311854120070686,-0.31591084436636085,-0.36455148244024216,0.3824203156567327,0.0620465764391201
1811,0.8313066069034071,0.7996880578328871,-0.39798254781413356,-0.2512704581060907,0.16196220166005995,0.09693573309393205
4625,0.7869643148641529,0.08345030269715835,-0.28512935044006477,-0.3168104519151998,0.017957058599003158,-0.20074395924799163
629,-1.1583251072694056,-0.746514411288007,-0.3667849086616295,-0.21847721633007589,0.4378872402524691,-0.1711365684545916
2322,2.794090673904749,0.2517839865727906,1.633064320138198,-0.15391903432639703,0.9696437246401018,-0.14719805377431885
3008,-1.0536775125217464,0.9945362889315716,-0.36709082418281264,-0.35347885392490075,-0.005712172997258477,-0.12014072953177252
216,-1.038748357340407,-0.5363337536748976,0.12770601373573987,-0.35539970197767196,-0.13772333546555823,0.8526030888202626
1872,-1.028403084035092,-0.6454358757987283,-0.19340910582328283,-0.2990901463350823,-6.623428465713326e-05,0.052288151940528264
1315,0.6460926544761861,0.2602838899706112,-0.303579199444258,-0.32591052383041885,-0.5941540345587033,-0.1960258529545418
1716,0.6692914073309321,0.47940428959845144,-0.30288280247254346,0.21306662965859186,-0.5841436470580319,0.08527358327145942
4065,-1.119950365720926,1.0533014375217948,-0.25808122343444134,-0.11280698411727759,-0.10160882516243,-0.09798935369166775
3045,-0.9772893091721728,-0.6469020810176882,0.4906742350774489,-0.3639552478400808,-0.15524496657381323,-0.24766386559150344
1275,0.818207418688373,0.8061708818170958,0.543817849430991,-0.13854619780745134,0.049015470317021526,-0.016849922732416405
2242,-1.0762199762832303,0.29365745267867166,-0.1970966300924533,-0.355630616340474,-0.17025373638817928,0.16497323741408834
4856,-0.7274078852519757,-0.6469020810176882,2.5172588151097237,-0.3607202212776014,-0.15451131282812589,-0.33367928307835587
4845,-1.0521496276621396,0.6246642237340612,-0.3622893432646483,-0.1798453811295396,-0.0967455912145275,-0.32353650260851546
895,-1.028403084035092,-0.6137978723186388,-0.3058414639797633,-0.2990901463350823,0.003607319346932809,0.014799066819337374
2626,-1.141084050166307,0.9179742725293782,-0.31168678843664965,-0.0784991448689507,-0.11221236390956729,0.5174649980833539
4586,-1.1327638950432073,-0.766544263929225,-0.24638661697681893,-0.11664623119406071,-0.10611149875701854,-0.0042489192734123495
2651,0.7521173275295505,0.8569763027293167,1.7528700587463175,0.2096526089079846,-0.09081677160202137,-0.5895147356953803
1995,-1.1362204650344547,-0.813025250602391,0.4339486263458132,-0.2809179816974569,-0.04896102486995705,-0.289902616350134
952,3.8776104444696498,0.23393130940605672,2.378194724565939,4.649213908568678,0.3134255369920827,0.053446568968550275
630,0.7928594666692265,0.08724953531380283,-0.2699027217744976,-0.25902225770119724,-0.02871757209251501,0.08915613482468995
4420,-1.1902359386861914,-0.5981761359352051,-0.07264040996214259,-0.33333374493296275,1.2187794417867157,0.19352497621056655
917,-1.0023853527402726,0.3425725120504388,-0.3323062845187448,-0.37522043660800597,-0.056894684416969446,-0.3271474587643635
2573,0.7590307039631707,0.12905504790690261,-0.372997605318954,-0.5525318604653268,-0.5075580299414839,-0.16716775628023026
2540,-1.068961034123599,0.06006199400432283,-0.6022991129396696,0.06538827935806975,-0.25287663556975826,-0.15542512763236635
324,-1.051940341790486,0.031078293322244606,-0.590584549918306,-0.6007829126812715,-0.09151938071699134,0.09864907847458065
1705,-1.029004543757696,0.8748143795032666,-0.28667125134526583,-0.2817261974961587,-0.11418510296343734,-0.43327516735569477
2308,-1.1636764789106746,1.1812446291571912,-0.23519987183117633,-0.33216753829264434,0.9663944514110324,-0.21901554972659434
1943,2.1660932299539195,0.08455893426517613,0.18650961026411964,-0.9382199295608846,1.500845391678504,-0.3948544707856775
271,-1.0066008384119582,-0.7243589792367415,-0.2492572447007975,-0.3059975205150793,-0.05215794952494668,-0.2834558755234483
1723,2.604298125541558,0.07417537578879328,1.7297583884468746,0.261811204479436,-0.6989584431058264,0.022685848584818685
3276,-1.0982838204393346,0.3703618817215842,-0.30743042425800854,0.0028516623864284704,-0.011312883058939677,-0.3145480253804919
2150,0.9467227102083063,-0.123570665439068,-0.6080897011365963,-0.5706145031263954,-0.2777796128363489,-0.22723998300746726
4231,-1.028453834010126,0.5399655306121505,-0.28165703184526,-0.006334026407344808,0.01821088896140976,-0.1339727245537479
3200,-0.9808088024133711,-0.6591074886535722,0.10975315572546135,-0.35726653618606385,-0.21504369440921298,-0.26575526733435817
2016,-1.024751603290022,-0.5818725434745836,-0.35369519682045547,-0.3602785437999835,-0.15066986146354125,-0.18407377985925313
3853,0.7779846103920967,0.8583252696434409,0.8720350787204539,0.16738954384366306,-1.1165749511861676,-0.18942002444099137
804,-1.1994711226402133,0.9215122195327783,-0.25988474842314485,-0.2746181596768844,0.6034925118914822,-0.053969236611667935
4526,-1.0030018032512504,-0.656908302021799,-0.2243503917150295,-0.298323775852842,-0.2468492621398438,-0.3245519908233061
1064,-1.2456866036248897,0.1803199768167536,-0.6028412824327626,0.05067174479404665,-0.061546359838532474,0.6173677267472153
1609,2.683653539547421,0.817282360069249,0.4267630365279733,0.06643645005954306,0.01716751758149445,0.04140138412787555
4672,-1.0653927706466209,0.2365070283835657,-0.6131146727814546,-0.3039934519520414,-0.23644854138721358,-0.033405663145306574
4002,-1.050893112547219,-0.5363337536748976,-0.278534128313201,-0.35650016570382353,-0.13772333546555823,-0.25451538111662125
3794,2.6866478138374785,0.038723978668532756,-0.3630167657425477,-1.0200882369545874,0.06634170589339711,-0.3420110113685589
503,-0.9819920271414744,1.0411054613245054,-0.3461133966830272,-0.3530883219318256,-0.1636193953117738,0.25835646069865903
4737,-0.9749454964207988,-0.1707356366563922,-0.5894360569571214,-0.592865555173766,-0.2989524179875124,-0.15542512763236635
3891,-0.9807082794088527,-0.6803881179964328,-0.5453636072444467,-0.35726653618606385,0.4664614338619592,-0.26575526733435817
1127,0.8153262953889131,0.3235889129560488,-0.6603260963500914,0.05985207610393475,0.4973414165537444,0.05814223958935239
1658,0.8188288978970675,0.5174844164131698,1.464814399131846,0.058275989156836086,-0.6342757523710371,-0.5325354786016272
4678,2.811838178041785,0.21081402831322468,1.3164137512431635,0.4889158124795723,-0.3192754377361946,0.02932893225630352
1693,-1.0212632877938468,0.2892634226644389,-0.3813907155791917,-0.31308487443931404,-0.4110269240532088,-0.1490104568115177
162,-0.9749454964207988,-0.1707356366563922,-0.5898265889501966,-0.5932560871668413,-0.15511714617120745,-0.15542512763236635
3991,3.2221005418405895,0.5713461417432765,-0.2615314116052416,-0.1888161973407091,0.05755932672494531,0.9513787062259962
3906,-1.0842384984519093,0.3217322421319537,-0.2997775160254968,0.016407957883294844,-0.05208201942009854,0.04188397632645691
3237,-1.1354406538737412,-0.7343905421938632,-0.2097183083344879,-0.2689893979445136,-0.2273990056152245,-0.4341209824340643
4506,-1.024751603290022,-0.6633439409279543,-0.2326420350385106,-0.3602785437999835,-0.19818172821118987,-0.1808949929531834
448,3.0384866805603394,0.06659452827157565,-0.393860627929446,0.4014321464953843,-0.4807678600611502,0.2442419593331461
3730,-1.1425243582501803,0.8741629538524585,-0.21884829421921367,-0.2740524528339214,-0.04288313303533796,-0.05726027032206634
4499,-1.024751603290022,-0.6317059374478649,0.1383774200472701,-0.3602785437999835,-0.19450817457959993,-0.14117240688105387
3078,-1.1327638950432073,-0.6723371922248429,-0.25617649733258896,-0.2041757281137448,-0.10611149875701854,0.7214499572034488
3144,0.658666782476931,0.2463698697826857,-0.2961654781987187,-0.5468631539406072,-0.5286876705073156,-0.45788713414027077
3437,0.8174595998684603,0.19292301171274878,-0.6911010925521615,0.011821949996821896,0.6856741123518572,0.05496803465549253
2081,-1.1338465967667926,1.1203495903574365,-0.6011326334266909,-0.20138964035005202,-0.02888666514829595,0.7239001494932783
294,2.6154032167155417,0.9978657234771915,-0.7280311886263725,0.15067975841357573,0.03999768506316536,0.21406183944901194
906,-1.1147816737465595,0.6966550913020015,0.06709937765976225,-0.27706446044784105,-0.07713337035992732,-0.1533931377725081
4787,0.8555800528154787,-0.8945917653278519,2.7462180756863566,0.23610557100209076,-0.0691759292028384,-0.04570577654762791
3140,-1.1655327960167288,-0.7010380477432323,0.47412427933361934,-0.214145595002496,-0.20413947936392582,0.17312670717092743
3738,-1.08421063052195,-0.8361274235909624,1.2641268366147635,-0.7414991352240481,0.8878751525880811,-0.020501440675237365
1816,-0.9899315131758103,1.2134641920396352,-0.35015307497543224,-0.29683939886801325,-0.20392525509109063,0.08119572730312588
417,-1.0616174882071192,0.6341300889796091,-0.5164436203462925,-0.5294303747226698,0.8894377650787197,-0.1263210886668241
2730,-1.0465938081453074,-0.5586851532688151,-0.19807717325444693,-0.35726653618606385,-0.1461720116292158,0.13361703158051147
4900,-1.1717284381365924,1.0367837572836298,-0.3801772185931098,-0.2776301672908041,0.619436015559761,-0.06063618801107632
3872,-1.0748243401161706,-0.6706967059136385,-0.21094022923699515,-0.20818026246197768,-0.12664701858663163,0.3697624934702316
3190,0.8817097424116311,-0.14598316435718772,-0.3054262338718119,-0.5946216841588512,-0.27759372474146815,-0.30962040183376205
1007,-1.0762199762832303,0.9305353532013048,-0.18176479794812386,-0.352364942818327,-0.5254124350840451,0.8224755701075391
3830,2.250225516725105,0.37604132429676196,0.4410741680441465,1.337754326514115,-0.044614930757440496,-0.39331320255136104
1251,-1.024751603290022,-0.5118359710933389,0.13798688805419496,-0.3606690757930586,-0.2521899426646936,-0.14435119378712352
826,-1.0902914652705966,1.054302391444879,-0.2473335304123426,-0.37134415752207084,-0.08119873953842197,-0.05879329942587574
3460,3.1980377303168175,0.3936611008009282,1.4139821011902671,0.4670600569145629,0.9168632815227039,-0.2695468377816799
1421,2.7778899339995817,0.20540936451859712,-0.2626947943027009,-0.18652878178318927,-0.2595280320540035,-0.4513659097329209
4066,-0.9621195572056028,-0.5776360912002014,-0.29822313346392665,-0.35726653618606385,-0.1682816879379956,-0.3549494717272802
4353,2.3124124290217942,0.350817866415144,0.540138922045001,0.11575341195943199,-0.2655715038199252,-0.23991378285824252
4453,-1.0524942877936423,-0.5564993309319165,-0.19463102672579008,-0.35726653618606385,-0.17292652113738236,0.060457462819086136
4432,-1.0748243401161706,-0.7649037776180205,-0.33316168557482717,-0.11397319075759586,-0.12512959887540023,-0.24663580876257224
3839,-1.141084050166307,0.9351173175224456,-0.41333862008622907,-0.08705299221271819,-0.01713183794572179,0.03558055491329608
3321,2.8525939101444497,0.8152674499547206,-0.3774458041975588,-0.15962937720507792,-0.06796317047072639,0.10427448981586407
3836,-1.1327638950432073,-0.6406991887447534,-0.29178771628882433,-0.20456626010681994,0.05215905934832586,0.22412136732351945
4366,-1.1327638950432073,-0.6723371922248429,-0.3772296591145339,-0.20691019504119826,-0.09380368696816267,0.18710458875866834
2417,2.874437835652638,0.4499544264053223,-0.3624153908001024,0.27315980554633185,-0.6703083372952426,-0.19434005323479395
3695,-1.035543741555902,-0.006071120172747424,-0.6736993401928214,-0.5322428645518282,0.7275168109200024,0.006901583074148327
1585,-1.024751603290022,-0.5818725434745836,-0.2326420350385106,-0.3602785437999835,-0.15218728117477262,-0.18407377985925313
874,-1.028403084035092,-0.6137978723186388,-0.3058414639797633,-0.2990901463350823,-0.0077407784376947635,0.02614716460396493
2473,2.545060700425071,0.04312627539150761,-0.29483053891325955,0.12092736052419008,-0.28659026801290177,0.014566877073328835
4396,-1.0576071639215034,-0.6720862245093471,-0.2724565683399344,-0.30266786079196506,0.6495431363547957,-0.17329168819395038
3152,-1.0146571535818565,-0.6713179503533837,-0.36314468222947843,-0.29508561198684935,0.02160406026200587,0.7138670114520689
292,-1.0477770328734115,1.0136712174640259,-0.3267120665506617,-0.3530883219318256,-0.13414103309002448,0.02941170303189249
4639,0.873908992195589,-0.8290676976760258,1.3703598179829666,-0.7364662225179733,0.030630825310034634,-0.4889242109612549
883,-1.038748357340407,-0.5823814054865718,-0.2433134413500407,-0.3559964687652844,-0.14139688909714812,0.04492090259458252
335,-1.0509664029340355,-0.8507354945096666,-0.05783797584733109,-0.18402359538377755,-0.08892051092930682,-0.35177068482121054
2235,-0.9150635018406359,-0.6696774640421792,-0.18448418905201716,-0.2990901463350823,-0.17153725173500114,-0.2571350250634575
2284,-1.0489747945524444,-0.6226604927742373,0.49528867616199296,-0.3639552478400808,-0.15544868670680992,0.059429405990155004
3857,0.7876942047088303,0.1666220243668829,-0.31828928985436006,0.06363215037298485,-0.1142334338434052,-0.30644161492769234
1738,-1.0513140210125171,-0.051475794112172554,-0.37130803309004307,-0.5929698507716888,0.30860771653055435,-0.3979854058128077
3319,3.01607709627561,0.3738772521512121,-0.29671562797478473,-0.220099146737685,0.13616896499148134,-0.28729413073867693
3644,-1.1388485570484785,1.0101611423795975,-0.3988761680801195,-0.20400204820773973,-0.09099282351884963,0.022210998808938634
2226,2.6560255833445434,0.4502617144754125,-0.27107475064263836,0.10625971016722792,-0.05681630896938809,-0.3650631039922675
3729,-1.0524942877936423,-0.5181007620307613,-0.19502155871886523,-0.357657068179139,-0.26525463847426567,0.04910936503445857
1712,2.596466763074374,0.31050830745249075,1.2351053112980694,1.3690317698848327,-0.37647587751915623,-0.3959315360700348
4904,0.7720813935283206,0.19874914806536753,-0.2780596280190909,-0.005642632883986677,-0.3014605818608678,0.17358047687488545
2772,-1.1049783222595266,0.1371641359284175,-0.2317175167436725,-0.2742698308438738,-0.37074190594370565,0.6899887876822417
3632,-1.050893112547219,-0.567971757154987,-0.2433134413500407,-0.35650016570382353,-0.14139688909714812,-0.2942379671887511
4279,-1.074591794425499,0.10696146465798599,-0.6257151035223945,-0.2506045531272205,-0.061546359838532474,-0.29239704897351987
30,-1.0123534566927357,0.9394694390330005,-0.39672990597576485,-0.3338077938609134,-0.2044643492671678,0.0852047794064934
3864,2.64434712643286,0.3986956435585329,-0.37146633293151426,0.09871316612769483,-0.6914169646670629,0.09530865245570327
27,0.7391406256068792,0.36259781047632206,-0.676661222916451,-0.003939197097247567,0.7740109329710622,-0.4976809604260232
2547,0.9028589835274515,-0.11103011571673985,-0.38315936015680097,-0.5954102491768886,-0.29239346291290136,0.20697759646809905
288,-1.0854762263844566,0.6290779944251719,-0.2708855810212415,-0.186405214685203,-1.0447688358201388,0.30436562465606243
3973,-1.079529560177018,0.11078352674595826,-0.6301570718978223,-0.23502758815261035,-0.24425098803284337,-0.1837326474657886
936,3.4727045721293655,0.08785520366896325,2.08624234415294,4.93810771334225,-0.7169150141213811,-0.037302138649510555
1554,-1.0750367515551262,-0.5516816645837058,-0.31559062604580196,-0.35615262507948997,-0.14851372754318268,0.12545251127347984
3819,-1.0494545777650934,-0.827083927995393,-0.21805232714363898,-0.28590441175039677,-0.1656348734915932,-0.23585371709726952
4071,-0.9633027819337061,0.3833694074437007,-0.21095727619241153,-0.3567445274470479,-0.1409439373597828,-0.326506193907601
2185,3.0717797552121318,0.17655824135727224,0.966955947421535,-0.12724982436999738,0.9933773736472936,-0.24269957187265903
1058,-1.1311276880468344,-0.7746763276369426,-0.36533633190049636,-0.21119227007589741,0.5305422500615924,-0.16853444589917088
4334,0.5669396012866029,0.42159646631277536,-0.63798014409766,-0.31535197217696614,-0.6067868973163375,-0.35861884157043666
4546,-1.0498274840693456,1.095701939185717,-0.25207872168793677,-0.3519744108252518,-0.15399243737137427,0.05902816221753334
1708,-0.9972922195040882,-0.04920529190786674,0.037959271369498844,-0.5887911784379307,-0.27787001468389494,0.026356105935482002
2890,-1.01584037830996,0.22711992266668862,-0.2360298826506653,-0.297298070175287,-0.011967353381805022,0.04695254361400012
2733,-1.038748357340407,-0.5823814054865718,-0.23391409298734595,-0.3603301086156038,-0.15140621718862238,-0.0042489192734123495
1054,2.4481551810638185,0.4760667441653726,1.580947932305911,-0.022369787447004866,2.0687862937705064,-0.14601523461773194
4859,-1.120362545673891,-0.011180269728587985,-0.6183406935939257,-0.5868637116507619,-0.2941803105645403,0.6191492172167894
1677,-1.0357424585004822,-0.6847205408986714,-0.35247327591794825,-0.3602785437999835,0.484466467643838,-0.1699041377427226
3870,-1.149034930133575,1.0695349348859056,-0.402763124742998,0.14850072045891866,-0.23497044182391988,-0.20484956161455592
3948,-1.1370898526069098,-0.8090091735537892,0.4757783527774214,-0.11742687584913347,-0.08265230047000209,0.13258897475158035
1986,1.9595326415833234,0.5351051219824856,1.3042401042317806,-1.3572459375541515,-0.02847160836582647,-0.47857994625783734
1962,3.44328557735954,0.1311895136051715,2.563330830538039,4.224332678698125,0.22570303591131471,-0.0620614608779329
2048,-1.1227821487034428,0.11492538044037398,-0.368038281138569,-0.5868637116507619,-0.19010126210568498,0.5928802586766255
1685,-1.1456038105717754,-0.7674825265064487,-0.2128564618356334,-0.11324981164409713,0.02589417314331758,0.20749910682317452
3507,-0.9621195572056028,-0.662212316628738,-0.20098161495078146,-0.35726653618606385,-0.2179496886060027,-0.329472439343355
4579,-0.9832954654537029,0.1204899941695462,0.03845026533218399,-0.5902662512577566,-0.056291058058877685,-0.154284902019555
3631,-1.0911462391455584,-0.6249964730670842,-0.19982952971863588,-0.3744084606697351,-0.08075499508318869,0.20685784196641194
658,-0.967463780600673,0.15169670747025554,-0.3807364820264103,-0.5348491223304818,0.13304949309907502,-0.30753436939318085
2053,0.9765235476464803,0.8187470768508658,0.8678860033237847,-0.20877230868836508,-0.48171890810664597,-0.05932515049482738
1843,3.700428060509671,0.5763451825133945,1.7287076098065841,0.11350238069783562,1.3409541861434882,-0.5455627306293214
1798,0.8723251900053112,0.1799037225030917,-0.6685940549008079,0.06740029348539595,-0.4046928389823173,0.23083254050903637
3971,0.7675484934079428,0.3679884186427766,-0.7071486487392069,0.011605951016177113,0.7823495457790289,-0.35791579925412553
1813,-1.2208303616735932,-0.857696207541212,-0.3425288846075831,-0.1834753911201667,0.5570799440906489,0.8370038883065801
58,-1.2268790357800998,0.1818235395075498,0.04492403209383076,-0.11384171401165508,-0.25246758768100813,0.08860107177558194
3531,2.7466540023396067,0.1763155263044518,-0.6716571997349813,0.17643676385410073,0.5311008917259065,-0.4363464977018793
1341,2.7423190729420663,0.2558699753103764,2.0034284689953643,0.5928296539813613,0.06292357793682618,0.19800028650952295
4249,-0.9832954654537029,0.11691440387721354,-0.28550841485951234,-0.5902662512577566,-0.3656444681619871,-0.18314299869386655
2373,2.1761719052162487,0.0017474905898807924,1.2363824547219273,-1.3626157176049758,-0.4376648508803015,-0.18169487536631904
4802,0.8938544976184435,-0.13449076505980972,-0.29636002250740157,-0.5987847640689159,-0.14454884500278772,0.005604419713969944
2775,2.607496873136098,-0.05265133134084723,-0.3836843612859939,-1.0071829804418506,-0.3353354898686046,-0.19913574852916385
2018,-1.028403084035092,-0.6454358757987283,-0.19340910582328283,-0.2990901463350823,-0.011414332069284702,0.06363624972515583
4663,-1.0212321100488235,-0.6480337053169045,0.4594622886107511,-0.36696725545400055,-0.13907868826715755,-0.1829172159267056
134,0.6117253736153369,0.19389618266682168,-0.280354223660667,-0.31133590180449777,-0.20325035208006823,-0.4536012355466267
4839,2.384844427843221,0.22839297444146944,-0.2584717884338378,-0.19290867229468897,-0.3006058996385151,-0.2990741658110652
1214,0.9122893932776023,-0.05724279248554612,-0.36574645603859346,-0.5394351302169547,0.11534345529384735,-0.26794113798271263
715,2.4210777668996983,1.220689358047727,1.9321391243708252,0.10427002383826986,-0.0858702222614034,-0.7166708487086679
4633,-0.9916923019754404,-0.6713179503533837,-0.22518564564603108,-0.29782007891430284,-0.24517875427784055,0.15679056512411343
1773,-1.1170063521931926,1.206099683947357,-0.2979809388489854,-0.20701405582165947,-0.04449640191110682,-0.09481056678559804
926,0.9625417995046349,-0.7679280563081475,2.058231456633819,-0.7925332411630677,-0.01256842101200161,0.20814925637983495
1802,-1.1672915004582975,1.2046525593581454,-0.26849717169979626,-0.20288813710116585,-0.04449640191110682,0.2522048094683258
2936,2.5765908162860556,0.5747330876405575,1.5127307991958976,-0.4349275688163052,-0.43554078849613637,-0.4877316681178943
4302,-0.9995107765246026,0.07709229951680809,-0.6279654222268047,-0.5848480705806868,-0.16225186989266419,0.04925696926331291
1674,2.1883791656158067,0.7048589777414078,-0.6468225753392729,-0.9404578977967073,-0.034691404284114886,0.06208597672203136
2254,0.9317274318112541,-0.04049443271066305,-0.6083163569952221,-0.5884102307304246,-0.04520200121757076,-0.22788124786422984
1029,-1.024751603290022,-0.5818725434745836,-0.2326420350385106,-0.3602785437999835,-0.15218728117477262,-0.18407377985925313
4873,-1.0750783522191538,0.22886712625193822,-0.6555704029095129,-0.30095207405829855,-0.24442687904040702,0.09835918642415933
4706,-1.114178013418856,0.08157079231884895,-0.398706554257819,-0.3039419099673832,0.007014405303207846,0.11755736433430669
2458,-1.027145442259158,-0.6722562129306073,-0.18419521825431018,-0.2979762352285084,-0.25763965421746826,0.13262757276011583
4437,-1.1354406538737412,-0.7344726568987323,-0.30695982684763323,-0.2782306670881595,-0.06313728098893708,0.11449757300872548
4553,-1.051588272868975,-0.5516816645837058,-0.31203523201649047,-0.35615262507948997,-0.15893623831417977,0.16860293255701175
61,-1.2239350222523666,1.0051435000998699,-0.2603604625293401,-0.20439258020081483,-0.11848368875209736,0.02103395098643972
3724,-1.1195388878989425,-0.8143147659750125,-0.38317346246529055,-0.2851380412681566,-0.13279154187312422,-0.2834558755234483
3022,-1.0259348280181257,0.2737279772971663,-0.22535847633913514,-0.3597565350609675,0.5108770397556173,-0.18204213883983544
2552,-1.0373847557745235,-0.8649998554665832,0.936697553574948,-0.6169956957706364,0.5050724758683177,0.03681468840529874
956,-1.024751603290022,-0.6633439409279543,-0.2326420350385106,-0.3602785437999835,-0.19818172821118987,-0.1808949929531834
3364,-1.0913077572068892,0.062377455213318805,-0.3909338070177601,-0.22999993946861563,0.10971363566903847,0.07870471470954646
3388,-0.9685114515841085,-0.8515991999764523,1.130888611780216,-0.6982189353679582,-0.3033276029978959,-0.1611659861602016
1308,2.9420973303617566,0.20861709164596445,-0.2805346710538518,-0.216050319980224,-0.08898371440371916,-0.19595696162309414
443,2.7877687947442182,0.11257038559155232,3.113339229999156,4.197730855228463,0.6097371588712731,0.1776297658482579
4240,2.8985260087297524,0.04327870004953023,-0.5130229700941396,2.3481083257738513,-0.2177946015597166,-0.2242517957593828
269,-1.0124512150576894,-0.03412333521651581,-0.4045824809347068,-0.5860829375424726,-0.18835009142576928,0.12922954897330174
3816,-1.0687552543753231,0.13299621240561862,-0.29544864901867235,-0.5281391175361696,0.7463954086972698,0.14520672377912636
4840,3.2903262679520475,0.24590082747303435,-0.017612529679478503,-0.08491065952391232,2.563460638173016,-0.468056265684349
1947,-1.0073424599235192,0.43342485340167114,-0.2768361136167791,0.23067675495645573,-0.18487055869711436,-0.16722999961811855
2934,-0.9621195572056028,-0.5807409191753673,-0.20098161495078146,-0.35726653618606385,-0.1719552415695855,-0.3326512262494247
1691,-0.9808088024133711,-0.5807409191753673,-0.1996359998034092,-0.357657068179139,-0.028887529188080706,-0.24663580876257224
4410,-1.0935263142274034,-0.024822049338509775,-0.6337098380391555,-0.22999993946861563,-0.24208624349213378,0.07290347981199458
3424,-0.96536539768187,0.02160587854300429,-0.63074612598895,-0.5290204587980651,-0.18373262241199104,-0.032791556138596974
2942,-0.9361670416429037,1.0310113289230685,-0.620023214387753,-0.29491193208084415,0.045058503277054185,-0.4297603754277052
3269,-0.9987024988493397,-0.644434755455592,-0.17911412361943557,-0.2905362989913148,-0.180947639811346,0.7020538199193372
1874,-1.0587903886496075,1.1903468400416595,-0.2850327007533171,-0.298489646537727,0.6971420350613593,-0.08720726202636503
592,-1.0912072342023704,0.33269251910899833,-0.6316330004785398,0.06907212410082995,-0.31474934105904634,0.026356105935482002
120,2.8516900348073957,0.5833706966015877,2.5817230292452527,0.45535118591280227,-0.15491374245644418,0.19177617678096984
4375,-0.9328428278607827,0.19419108609579933,-0.2580225250386935,-0.5352471553554439,-0.520406636279128,0.18780887624302592
2499,0.6960234302544223,0.09935520847673412,-0.31970747262095184,0.15672053949786455,-0.24473772053170614,-0.3642544253136783
2975,0.9342862762879903,-0.0327483057171626,-0.22640394591912713,-0.5398331632419167,-0.22840079459690513,0.23769762606737618
2703,-1.1007250235545707,-0.7071516066966002,-0.17893393832287,-0.29455263215475064,1.7632860111835842,-0.23885147933603787
214,-1.0865330731532286,0.2501832048599964,-0.2283839222303458,-0.2991338444390294,0.599804555426223,0.06855075240434072
1037,-0.9531956963820277,-0.04426560988200179,-0.580617120221338,-0.529637920165027,-0.16663440054317644,-0.3203229648596163
4611,0.7795601297719575,0.04486348375030161,0.00546054799508811,0.07715244167110047,-0.07949586781664109,-0.17639019324370325
4219,2.6031327861339384,0.405718478771709,1.9368968204577433,0.25470700445261046,-0.08344689659546747,0.24016885327535248
536,-1.1128339290320806,1.2167532064547903,-0.1633276119298023,-0.37023024641549696,-0.059097819404793514,0.20003118318648463
4194,-1.051588272868975,-0.637368076037711,-0.19960287386001002,-0.35615262507948997,-0.20757287038917202,0.18081644651180243
2517,1.001727672562252,1.6306295708854726,0.8496070174363027,-0.31471787687314234,-0.31800399121545686,0.3074999087086868
2543,-1.065492794294709,1.1812446291571912,-0.32772628516776353,-0.37435616513599057,-0.059097819404793514,-0.06977252187411878
4697,-1.0057835310975325,-0.6758097240005966,1.04582200419239,-0.37710922265945473,-0.09975717335478486,0.5530681566272311
4141,0.6719992087813104,0.3468975733176523,-0.6217937356462168,0.06667691437189721,0.6079426897926137,-0.4986849714773987
3344,1.753511298518006,0.028985430488939805,0.9348243589570396,-1.0043750587453062,0.08970556139674818,0.22976433975160535
539,-1.148226845091433,0.7650413731309738,-0.6343704136632111,-0.0858540490321596,-0.025422386094871345,-0.2655299232735456
493,-1.1582448251761566,0.3746942821809053,-0.4642494440224736,0.0018879225185032638,0.6685389758698316,0.10340826256992597
3103,-1.0762199762832303,1.2170188096689085,-0.2161249322957793,-0.352364942818327,-0.30875775330917776,0.24902602256225612
1147,2.701330837789912,0.28902099211728843,-0.623809309756865,0.1590802095199374,-0.3303257119290316,-0.39876653941916684
4345,0.9533124979293885,1.2826416694684484,1.1768524073691213,-0.5020832029880099,-1.1057518761931877,0.660882530960997
1024,0.658666782476931,0.4195511035388239,-0.2960725245117098,-0.5465300169423226,-0.5794259514069511,-0.3861590281869022
857,-1.0268019087886684,-0.6252702985417095,0.12892793463824712,-0.298323775852842,0.023788853602539503,-0.2513365942105516
2872,2.7949281879268066,0.15297812042951575,-0.4840686390820648,0.9424394782968822,-0.3229226347125439,-0.45658218918021487
63,2.6323102759574195,0.7450813984297171,-0.66104544519349,0.18007155211599932,-0.27212092121051934,0.1295968602378954
2624,-1.0748243401161706,-0.7649037776180205,-0.21210852379288228,-0.11397319075759586,-0.12664701858663163,-0.24663580876257224
1514,2.5457926603543486,0.2788504282539051,0.49090948902907255,0.12137116224796268,-0.20366002220758003,0.00942677607656492
4935,2.534892806037541,0.3595205324299922,0.523867476304362,0.10436784299396847,-0.08769075815596292,0.20844840363392841
4322,-1.143697371223288,-0.6249964730670842,-0.3241343997375027,-0.3743649660754519,-0.04007633362353944,0.16230033153790818
1825,-1.0270902919672467,0.27629674519414754,-0.28656952255544615,0.02408170254553216,-0.1638265123177152,-0.1406392198148487
583,0.8088278875944256,0.9520095985618577,-0.4799027426749049,-0.04693807717593338,-0.00297995479341952,-0.2907439292713213
1274,0.7233809643629373,0.897856791330556,-0.6284836050608048,-0.5150451123374067,-0.5180831665245715,-0.4893025086207509
3965,-1.0509664029340355,-0.7596332507804504,-0.21262275003082243,-0.2782306670881595,-0.09259406456089676,-0.329472439343355
18,0.658666782476931,0.31018258065881293,-0.42040375865321317,-0.5465300169423226,-0.6618187094194565,-0.3861590281869022
3278,1.198780281233353,1.2871810186344033,3.2991799454705975,-0.11222226829899537,-0.2007252923741173,-0.34023099635918075
99,0.8114960989974299,0.19980373488997216,-0.2963280501638973,-0.00890439322374242,0.028747450676627657,0.06759540875870264
32,-1.1349993881610356,-0.8534034097485215,-0.4133946035008434,-0.0869314291104632,0.5538108284685814,0.6108185433065416
568,-1.1476930502245468,0.8067978401965858,-0.22046074711479613,-0.11018550849643288,-0.2689898006826135,-0.07178715501276356
794,2.5305628552533013,1.3924604753370038,2.179050326303538,0.09838235335836137,0.6319593551163235,1.4435646620956946
604,-0.94732757163918,1.0293030751865921,-0.3695162236615402,-0.3925323879755056,-0.10281183977907107,-0.31339212287276136
2258,4.234806799329845,-0.18496288180184356,2.700184897860117,5.34965022839968,0.3369987739685636,-0.011702548431831801
1717,0.9091555971873962,0.3732825697151783,0.5417267269580268,-0.3810944288376178,0.519972543632163,-0.18624163384852158
1523,2.9546930356606964,0.20944890646429623,-0.42661533482052616,0.10591833254067522,-0.653954455827745,0.07296407869082852
1610,4.017505967738189,0.24973125807820046,2.567449806272625,5.485820555353145,0.3138538414523944,-0.37876509407029985
4778,-1.038748357340407,-0.5823814054865718,-0.36436660313198566,-0.3559964687652844,-0.1398794693859168,0.04492090259458252
2042,-1.1932075202990133,-0.8015528243793202,0.42988079713203464,-0.2816843521796971,-0.3071928742918058,0.2125012229264296
1761,-1.024751603290022,-0.5818725434745836,-0.3540857288135306,-0.3606690757930586,-0.006834589647236299,-0.18407377985925313
3570,-1.0573183196365064,1.0789043202373287,-0.3635112641671555,-0.20400204820773973,0.5682651801386042,-0.32353650260851546
3492,-1.119950365720926,0.1924131162786008,-0.2394434532241905,-0.11646318963249967,-0.07818350693400783,-0.1852209257459052
827,-0.9392521415725336,-0.0285058876620449,-0.6178786183445675,-0.5868637116507619,-0.29494786999934053,-0.2305554922919786
4094,2.8606033265270288,0.2966563810569587,1.8207670176487745,0.3291206460689682,2.0205502469607937,-0.005144828188107103
1423,-1.0026881809244197,-0.14690408030712093,-0.6290272518307964,-0.5902440795529217,-0.17277307374702508,0.010352787659256384
597,-0.9603587684059727,1.0780611632113162,-0.2694947618172064,-0.3530883219318256,-0.16436925558820495,-0.4424268892157522
4544,2.7414538537219872,0.5245162226697574,0.530886460346889,0.4477348053908434,-0.5728336468071679,0.27956058441268533
3116,-1.011038149957324,0.14074596022648458,-0.24749740654679184,-0.5872542436438369,-0.37195229795317714,0.048498490006449076
2468,0.9058009461701818,0.12797315062708367,-0.43237611492144684,-0.5364452943078699,0.12104152998418288,-0.33326691238244377
748,-0.9413222713434753,0.16221554741385605,-0.3924467901378329,-0.5400214773850448,0.14528921875351095,-0.17295055580048585
72,-1.0283286669872616,1.1419923270146355,-0.19677135066769283,-0.2937980209742704,-0.21004075551090465,0.21642497626867835
2686,-1.1336357865951525,-0.8833699805955835,1.1517116431857213,-0.07990785291271257,-0.18098906200776574,0.059506215889965616
3421,-1.0968762859130896,0.2526167253121678,-0.22404698803358555,-0.22591408931320708,-0.010726359324448567,-0.3271474587643635
1225,2.4097077005995953,0.25629300596707855,-0.3986664804826016,-0.2085007014248364,-0.724255270615818,0.07339073163539471
975,-1.1339471197713114,1.0536087228790028,-0.38040644316522176,-0.11211297528360199,0.043743866365106424,0.0826516542633692
1203,0.6448506435267433,0.17414134756763405,-0.2750930224124786,-0.5495198528514071,-0.5286876705073156,-0.4859266918311252
2166,0.7761616160449836,-0.011437475660699425,0.526062833089053,-0.21544052181750692,-0.23215958120626842,-0.18839675358788038
3291,-1.0731754397509785,1.2576460724759086,-0.6652257905912877,-0.3519744108252518,-0.14286526289499787,0.20067244804324716
3261,0.9399801663447218,0.11995773995160153,-0.5753917018678899,-0.5123037985317836,2.2797950209867364,0.32049442793536853
3440,-1.0005407452104178,0.9709368917217069,-0.27090375366638314,-0.30258567674308146,-0.12489970098394912,-0.08565574954604918
687,-1.0911462391455584,-0.6305827596594924,-0.3208826915005807,-0.3634375713336684,0.3824203156567327,0.1905748710103943
3210,-1.1406093458481077,-0.6486409400070863,-0.21094022923699515,-0.20818026246197768,-0.1000962292114617,0.13361703158051147
4834,-0.9048265868917479,-0.715435471319039,1.0725108105483045,-0.30750482229231046,-0.7041800808915126,0.5192731833546966
3117,-1.0524942877936423,-0.5564993309319165,-0.19463102672579008,-0.35726653618606385,-0.16157842335275482,0.04910936503445857
226,-1.0573183196365064,0.2934136207054295,-0.2221899623697143,-0.2076582537229619,-0.0948681549420286,-0.32813656371284644
969,-1.0117560547359332,-0.06907638385696364,0.1570999265518425,-0.5856849045175105,-0.17125186955695468,-0.2883123766976625
4247,0.9555304875455765,-0.8057647271018733,1.3107913227429917,-0.7611000496348032,-0.15387591312525103,0.373482089175788
2032,-1.038748357340407,-0.5295731882538318,-0.24370397334311586,-0.3557902339707471,-0.245073104218659,0.6072497150351381
2580,3.798691943247156,-0.16031734102509387,2.2407080223505322,5.550729377412276,-0.5646128659071533,-0.1869777204491132
1028,-0.9351619078858155,0.16440569684011686,-0.4175156580892584,-0.5352471553554439,-0.46983220040836265,0.11000755627778339
2264,-1.038748357340407,-0.6852294029106596,-0.24209152044753351,-0.3559964687652844,0.4937394400102311,0.0480996895006522
4116,-1.0904510788238024,-0.6426578382301392,-0.24354009720866662,-0.36378511195800195,0.28165297658737115,-0.40073220939782667
2926,-1.1476930502245468,0.21624467262787184,-0.20182297690454518,-0.11384171401165508,0.05934393509110707,0.04642056295441041
3722,-1.1631024312428324,0.8936284926993772,-0.34774376648827265,-0.3530883219318256,-0.1620905700838682,0.6105532545818595
3537,-0.9377330433405437,-0.6485425673288927,1.2939873564050297,-0.35945015385682205,-0.12832220187864588,0.04607746652713003
3400,0.731813924123476,0.28634182925735635,-0.05481874749014101,0.22836413344105133,0.7852399809030898,-0.47914194657927905
2217,-1.1736221676266352,0.5036519909521946,-0.45315315338765294,0.0327572648462151,0.3537057583817435,0.40718316858641274
2297,2.8132011380223476,0.30624081360749866,0.35806795979682154,0.1475741130723564,-0.48275523668866943,0.2513441907045768
2106,-0.9633027819337061,1.0400588490268907,-0.33002495714973434,-0.3530883219318256,0.5783189363647255,-0.4297603754277052
3251,2.9995797258885495,-0.06725409759653596,-0.6137157556451698,-0.031098697989087303,-0.3201672710089054,1.2151608262623332
2663,-1.0750367515551262,-0.5833196680637954,-0.16879813354166606,-0.35615262507948997,-0.16401688109074156,0.8262217966412778
1452,0.8881981895190516,-0.17986347461414687,-0.28468691508385635,-0.5976115200679359,-0.27759372474146815,-0.29997802156309394
4448,-1.0877117195022852,0.6124884821853049,-0.46018532404975243,-0.16569181647482797,-1.025095764642131,0.25327941722812825
1278,-0.9882098176848283,0.9458204950926061,-0.27682623954295627,-0.3328440539929884,-0.19925036343328015,-0.34804083592111656
4959,1.8553948745805797,0.2296209286354735,0.5762559930919493,-0.995161934727484,-0.20898435014201747,-0.3917540054878665
65,-1.1583251072694056,-0.7135051352161436,-0.2457317468796846,-0.22944810566614265,-0.022849612749465502,-0.1847150447160157
1163,-1.0274970691104246,-0.6722562129306073,-0.19838095295750277,-0.2979762352285084,-0.0025046920226438215,0.21067789372924417
53,-1.1140774904143371,0.19665832295770647,-0.6488050960812936,-0.0005362065476183978,0.007388757430583367,0.11755736433430669
1915,-1.051588272868975,-0.5833196680637954,-0.19960287386001002,-0.35615262507948997,-0.16401688109074156,0.20749910682317452
55,2.5329159452182592,-0.08269140992030201,-0.4256735810509744,-0.17903893197686965,-0.2742824562240458,-0.3006579444744032
4670,-0.9552185023893422,0.08673614439036487,-0.6510309188454938,-0.5346785623902274,0.2058954372399319,0.0808003730115141
982,2.3718357028400807,0.2473075290302434,2.1406725426497917,-1.4027678954509306,-0.42873146518837485,0.20763429034570302
4171,3.340334209774237,0.26553062894281476,2.3331909878176442,4.324929303109886,-0.597385115333068,-0.3701196746607118
4956,2.689895622156786,0.12620250811991265,-0.3029228016634778,0.11193946572148541,0.061734177085132284,0.0021314610705407107
998,-1.1712411358086516,0.2749001485919435,-0.5700164765200404,-0.5091646091153965,1.7115932590312595,0.29713508705344754
3799,-1.0744837149019166,0.20924087839762867,-0.29025500236846746,-0.3011197478762996,-0.2310165881708526,-0.34804083592111656
172,-0.9949751178370849,-0.6871203382300664,-0.24242651805745088,-0.2996558531780453,1.6158654125284035,-0.3202387647788765
1459,0.8311270657061143,0.0838145535705615,-0.4149727458022105,-0.2356148779412938,-0.24969294175949666,0.20513642616680275
181,-1.0369875685407774,1.259304511794472,-0.378070751035212,-0.35107268086175053,-0.13244922294474895,0.16067957280567574
4874,-0.8963022489611454,0.6003243824564015,2.4723878580626057,-0.15286288731905218,-0.04917278382120474,0.18858407933090088
2142,-1.0465938081453074,-0.5586851532688151,-0.19807717325444693,-0.35726653618606385,-0.1461720116292158,0.13361703158051147
1097,-1.3962492260077692,0.3105038924588393,-0.5259724166830394,-0.1296801105357356,1.7628099940988324,0.66568317838224
3848,-1.1316802733491953,-0.6379707283852871,-0.31568418850773494,-0.35726653618606385,-0.21740354846256818,0.14282223528070875
1253,2.3798800090678545,0.18418894865205424,-0.30505713803749185,-0.20967639814624622,0.012013950131359412,-0.48660661474243433
3393,2.762456488567305,0.5749035444339531,1.8590696358799053,0.3671044680268822,-0.48320085802347235,0.3403724368210804
4286,-1.1050536876601247,0.28692416780826696,-0.013222921537888998,0.07139012288107416,-0.13216565136164957,0.014671800178137465
3107,-1.1595910178312145,1.058527089227151,-0.25837706997882975,-0.2252109243307567,-0.018797951278987073,-0.10091764120745308
4885,-1.131003106243578,1.1693487250562007,-0.3909338070177601,-0.19925194021021106,-0.0971638326046192,0.8372086274145422
248,2.40849700906549,0.18396646384426388,-0.6673932141588579,0.15346403638381323,-0.4449965148541482,-0.500210269173221
3967,-1.1327638950432073,-0.4612513574685341,-0.3674397787587639,-0.21085330289844254,0.5336914417225135,-0.0010701323673426705
1692,2.5556518753770887,0.4671872915253064,1.3596211551891608,0.3924172768948695,-0.30286661191552,-0.007138745469115979
4245,-0.9793201112515865,-0.9276741771806201,1.1596356119085003,-0.7020488552975479,-0.05748819906195132,-0.12006987086034399
3025,2.6579068060890743,0.561157341392962,-0.3038719261858432,0.20384987933272844,-0.6779115630658406,0.09662707890060962
1338,-1.0413431093419805,0.9177118156139512,-0.38400964944933397,-0.2434461142514199,-0.11384848061263997,-0.31494053997358556
4347,-1.1845419674588737,-0.762108996017099,-0.41704419241595797,-0.2775263065103432,0.5858573525495926,0.04910370055202779
971,-1.1297579962032827,-0.7532997276662257,-0.3665582528030036,-0.21119227007589741,-0.15058852608220422,-0.1699041377427226
2816,2.340596890272466,1.2875442822743002,1.548405823223156,-1.1295513363345495,-0.12438962217718921,-0.1053144964586353
2469,0.772181916532839,0.1844769341038339,-0.601177044756342,-0.01284750108098666,-0.3074029698331309,0.013790873024394704
2384,-1.01584037830996,1.1919312615668194,-0.25466765286091625,-0.2901618240833156,0.06768553925733806,0.27447814169424095
235,-1.0968042416317387,-0.05124692881619555,-0.39126447257756763,-0.23486865502854817,-0.431980061001945,0.010352787659256384
4048,0.9300646539201136,-0.7664809317189357,1.4855536926850008,-0.7847498154545428,-0.007283190361322848,-0.1466077108222347
4942,-0.9603587684059727,1.0780611632113162,-0.2678643920119609,-0.3530883219318256,-0.16436925558820495,-0.44405725902099763
1596,-0.936067922810483,0.1792258159065354,-0.25305067790447344,-0.5363610664620178,-0.4856252907508011,0.04118093401014579
1855,-0.941118813450634,-0.09137759818329073,-0.2605418812098815,-0.5868637116507619,-0.3204564106807197,-0.30124351099873403
4208,2.062567022108832,0.08917234045399394,-0.08053393608028894,-0.9693135610583437,-0.35742613079131547,0.018577870649292075
2449,-1.0830583111785033,-0.054718251277326616,0.16530932635553455,-0.23298977537770027,-0.24246059561950936,0.2165693883547513
4540,-1.1456038105717754,-0.7273238627759822,-0.21246592984255824,-0.2070663513554038,-0.16149708797141774,0.18081644651180243
1324,2.5858106272989194,0.28725057281240785,-0.30866666316447394,0.1411871338819357,0.16154699564483618,0.2750903331805567
3793,-1.1476930502245468,0.884856609107844,-0.22007021512172092,-0.20400204820773973,-0.07250903990872512,0.05755956513205382
1314,2.69945007407724,0.3785439339235011,0.45594157124759654,0.03884233224092606,0.1466397664854504,-0.35019363039164353
1169,-1.0759070418397563,0.949940160052823,-0.5912324909056468,-0.20439258020081483,0.029593583896240394,-0.34855411465216857
500,0.7848436815185909,0.3146296857744168,-0.4466877476651281,0.046340119707494784,-0.04349412094048133,-0.027389178213241036
785,-1.0844438335004571,-0.6140304788965069,-0.35184976531791445,-0.2985419420714714,0.5705720985356293,0.14433137244198702
473,-1.1141193223616928,-0.6249964730670842,-0.20345411443370992,-0.37462853424044806,-0.07053535755321777,0.16230033153790818
3636,2.9079741056949224,0.4485073018161106,-0.3293762296216017,0.3410396912221549,-0.6333153594947333,0.2576057730688723
1139,2.6050723957239823,0.16473935496707276,-0.6709737944340819,-0.1674513805641381,-0.05262300314596795,0.20453466285655128
4087,2.334248272353622,0.8540468753317579,1.1863307776979117,-0.03347760834748636,-0.7238464302747017,-0.3067383840635068
3701,0.8668682220803335,-0.05141453233140472,-0.29589246058056273,-0.6164100332505829,-0.04532295145338987,0.004963154857207387
3777,-0.9621195572056028,-0.5392375222990462,-0.2986136654570018,-0.357657068179139,-0.27195790305950646,-0.3549494717272802
1124,-0.9621195572056028,-0.5807409191753673,-0.20098161495078146,-0.35726653618606385,-0.1719552415695855,-0.3326512262494247
4886,-1.0536775125217464,0.8933409983927447,-0.20720715913917268,-0.3530883219318256,-0.1645792693628965,0.060738352038123514
3248,-1.038748357340407,-0.6852294029106596,-0.24209152044753351,-0.3559964687652844,0.4937394400102311,0.0480996895006522
2210,-1.1413411335220762,-0.70375365905691,-0.3187045199623115,-0.2782306670881595,-0.0898917904971037,0.02614716460396493
2679,-1.1170063521931926,1.206099683947357,-0.2979809388489854,-0.20701405582165947,-0.04449640191110682,-0.09481056678559804
1393,-1.3622347544486375,0.9643466047066083,-0.13797931377261755,-0.1797902163027776,1.2736001604477385,0.15410146437792005
2834,2.6655909169152507,0.1248406359381,-0.41277726372158985,0.10680805142286591,0.10756204233761649,-0.21151104945246166
4028,-1.0536775125217464,0.974812395846115,-0.20759769113224782,-0.35347885392490075,0.02525044948982573,0.05755956513205382
1541,3.053528646070797,0.1772868438512035,-0.4332388794523807,0.19233539787844975,-0.30883766601742146,0.020423838974869254
13,0.7857223039147098,-0.0029431380424820826,-0.3588222984701671,-0.5409470743484904,0.0878684152082021,-0.4811570712425983
7,-1.0524942877936423,-0.5564993309319165,-0.19463102672579008,-0.35726653618606385,-0.17292652113738236,0.060457462819086136
700,-1.051588272868975,-0.5516816645837058,-0.3124257640095656,-0.3565431570725651,-0.15956226347300131,0.17001002170198357
1891,2.851554731810228,-0.026867033910824106,-0.6213341189625964,-0.14701244865658578,-0.726295004338425,-0.011140344820179527
4307,-0.9150635018406359,-0.6696774640421792,-0.30553735083396194,-0.2990901463350823,-0.17001983202376977,-0.2571350250634575
4447,-1.038748357340407,-0.5823814054865718,-0.24370397334311586,-0.3536525338309061,-0.14064448453117293,0.18439878125138995
1316,-0.9253988737525457,0.16586378685971803,-0.6362271151021753,-0.5388236089588001,-0.3461574874422419,0.01824968085877589
4895,-0.9971409062902724,-0.7369702501837163,0.45748308863989173,-0.30555583904053973,0.022399595111827396,-0.1797384290206359
3180,-0.9956393079332497,0.7348902575965328,-0.39547837296330784,-0.3051615468393581,-0.04715306291093368,0.0059930782674503654
4206,-1.0458555426043858,-0.7596332507804504,-0.1931454741578709,-0.2782306670881595,-0.2561263310912134,-0.17274997738185047
1286,-0.9329174931174025,-0.6696774640421792,-0.18084812501828573,-0.2996558531780453,-0.17284390534587843,-0.17274997738185047
3832,-0.9188648631234202,-0.12817979466230106,-0.59155293589498,-0.5898535475598464,-0.3156370659955333,-0.2960660123727248
1294,-1.0447324963411597,1.098907414584457,-0.6167103237886803,-0.3530883219318256,-0.13376668096264885,0.031698725690915294
2574,-1.0968762859130896,0.2689486403919094,-0.22404698803358555,-0.21494319997714031,0.49783426511785966,-0.3135689825029394
2578,2.4885458279313304,0.199899954996673,2.298024698483531,4.034084051419139,-0.6578088432180033,0.010062813525663348
3935,-1.0543196091823726,0.21771537356243986,-0.2810232945388974,-0.25021244904778783,-0.09236931413981722,-0.32669990151757033
3649,-1.0989392117450485,0.0827268095277217,-0.6753635579587448,0.09114227126262911,-0.2567115736703506,0.011055829975567501
2874,0.7764523496319878,0.24969084365011218,-0.43477163522434686,-0.31434790941841745,-0.005198209571726708,-0.1950786952276223
4711,-1.1079131673240683,-0.8546755814102767,-0.3763427358219439,-0.18458930222674058,0.555299000077155,-0.3268380584867339
4309,-1.052771497597079,0.8725670507696037,-0.3320102471528304,-0.3519744108252518,0.5294170242767591,0.1779185488247701
860,4.2849100181318045,-0.10759313536005334,2.3539435669446314,6.2410969165954295,-0.16901303241770563,0.058525315780528844
2283,0.6459713871100792,0.3624823334042184,-0.4203704350776232,0.06212020624144883,-0.10116269920709942,-0.5243082800212785
283,-1.0750367515551262,-0.664791065517166,-0.32359499736048525,-0.35615262507948997,-0.20849390841592738,0.17733355090592823
2556,2.0485834651195285,-0.019899922748897375,-0.2595910314490334,-0.9915038831133085,-0.17211647858057558,-0.5104010383715091
4263,3.0995621538211733,0.531745387001546,-0.31570692629986186,0.24107174957602118,-0.6882883812826713,0.9590014989633538
1174,-1.009336451706382,0.09106876314747478,-0.6285598248517619,-0.5857422995123011,-0.6016155260875968,-0.2912587006523525
2497,-0.9393526645770519,0.12240235143839222,-0.3681706085141681,-0.5872542436438369,-0.3786516830469972,-0.2305554922919786
289,2.8594005134997915,0.8135130400083007,0.13934951566330947,-0.16053110716857918,-0.41298154236414186,0.19716503593121726
1669,-1.0901909422660778,1.038975590658741,-0.6569252052863821,-0.37134415752207084,-0.07637939485323567,-0.10714687394488465
2591,-1.1595083319975097,0.836560072445053,-0.25830787929306726,-0.21429900207583788,0.5378493077269808,-0.17249280994822785
2997,0.6396042073687659,0.26134461035268447,-0.3294671437082931,-0.32292068792133416,-0.7288024931820759,-0.2296083322141782
1817,0.8596524049510267,-0.03235576795255547,-0.25536041965601397,-0.5434317885501078,-0.22840079459690513,-0.23423676978861624
1786,-1.1327638950432073,-0.7538085896782138,-0.25617649733258896,-0.2041757281137448,-0.14134421313598614,0.7138670114520689
4151,0.9086741392086345,0.5997118826242414,0.8805317028237838,-0.24362527116327973,-0.13902307905285852,0.2526602873410431
1972,-1.0524942877936423,-0.6379707283852871,-0.31568418850773494,-0.35726653618606385,-0.21740354846256818,0.06363624972515583
165,-1.0561350949084023,-0.7265052087168653,-0.21423520292640483,-0.11436372275067104,-0.22955567427334225,-0.3326512262494247
2536,0.8758111605925869,-0.1883429963768737,-0.2744060407654012,-0.6025260038064666,-0.4494572625480862,-0.20392274615406134
2405,-0.9621195572056028,-0.5807409191753673,-0.20098161495078146,-0.35726653618606385,-0.1719552415695855,-0.3326512262494247
1551,-0.9380283534470522,-0.6696774640421792,-0.1997596940482742,-0.2990901463350823,-0.010443052501487818,-0.329472439343355
2695,-1.001843624259575,0.21220601326468214,-0.30763993819637964,-0.3015801452099861,-0.018312752901618705,-0.15318404216552392
3244,-1.0968042416317387,0.20687499388645247,-0.38965201968198526,0.06892758038429184,0.591209412243835,0.013531574565326072
833,2.2940047969917123,0.8143139744870614,2.0662450538272004,4.023642993208518,-0.4567879266545905,0.2469942307712477
2470,-0.9365165282781104,-0.7371281412571218,-0.22692258227493617,-0.3067638909973196,-0.06175055031833894,-0.23585371709726952
4923,2.1911106573501393,-0.1641470842771442,-0.23720314418554375,-0.9918535909756269,-0.17308775814837243,0.09875985704081136
4757,-1.1314798949198377,-0.933974219922427,0.4030199694951973,-0.09095981998725856,0.558887826535297,0.0496462947985334
432,-0.8709735538274516,0.009863658880294317,-0.5725898862599684,-0.5316771577088651,-0.08990958561354509,-0.222180180992003
394,0.977116953183306,-0.69943091417298,1.3778442068603036,-0.8039979457387816,-0.12582161921653384,0.013974923840873205
1883,-0.9621195572056028,-0.5807409191753673,-0.20098161495078146,-0.35726653618606385,-0.1719552415695855,-0.3326512262494247
2867,-1.039931582068511,0.360644341295271,-0.31992379740349225,-0.3558649920193436,-0.10824284073017648,0.0726318533822419
977,2.1929196233656127,-0.028318913479645744,0.541206261857266,-0.9904362350672016,-0.4966299362187791,0.20526961672785876
1726,-1.1218440952109683,0.08699798370191553,-0.4060161092841495,0.09413210717171391,-0.24193937013458464,0.10320992733456921
4862,-1.0730635513165414,0.9881053764730452,-0.2793818328471369,-0.20439258020081483,0.024774239211054136,-0.35804184153414537
4287,2.0485834651195285,-0.02676203491210788,-0.3624925402808096,-0.9839165149430185,-0.3115067578390699,-0.5009133114895322
959,-1.024751603290022,-0.5817182167030998,1.3957396911423874,-0.3606690757930586,-0.1479907100278803,-0.139987146910286
2875,0.9269501872860022,0.13704486598147247,-0.38866554743141585,-0.536843327332832,0.0984215379905895,0.2147341893302551
1719,-1.051588272868975,-0.664791065517166,-0.19960287386001002,-0.35615262507948997,-0.21001132812715875,0.21067789372924417
2019,3.727615163597352,-0.10385632904899827,2.300848370679304,2.9569796894252587,0.6103060937866797,0.28291082305140797
2289,0.7856451550189968,1.149751140636968,-0.4359935561268541,-0.12063132797194837,-0.027591336346269313,-0.10992505022542351
2341,-0.9804593291547612,-0.7066217620762485,-0.2961882397753802,-0.31042430192034687,-0.036244670238920834,-0.13356910212182083
1632,2.5873724351089407,0.31690846855323723,-0.5968744263442934,1.305936847106172,-0.5948967878906283,0.6481868844642122
266,-1.1672915004582975,1.1675943151097807,-0.0217501627014203,-0.20288813710116585,-0.0971638326046192,0.20067244804324716
2960,1.9424267530554333,-0.02027165883708318,-0.2287673937937251,-0.9749326383107079,-0.282570250519581,-0.2831766353815102
311,-1.0536775125217464,0.4004075310705251,-0.30962255071086675,-0.3567445274470479,-0.14039779721634835,0.057768660739037976
1340,-1.051588272868975,-0.6331530620370766,-0.31203523201649047,-0.35615262507948997,-0.2063377744955688,0.17318880860805322
3170,-1.147592527220028,0.29512494354611574,-0.6110241197855094,-0.2076582537229619,-0.07967199204001163,-0.001933011564598458
4040,-1.0772418510324437,0.8571941175222584,-0.3088244991919202,-0.11540367482218726,-0.2783707780950883,-0.21478256609237492
4352,-1.008479223461818,0.7177130762361186,-0.3776159426747142,-0.30147176563650757,-0.07767811856741166,0.16716429333086016
2738,0.8564294942267497,-0.0549856886100442,-0.2571688972879791,-0.24355195397390197,-0.11030266250100237,0.27922481730711884
1455,0.9832009428933217,0.003953948159926879,-0.6175391865456193,-0.5079141615299586,0.1215029667187803,-0.3201164715104301
4100,2.7784472356362078,0.21388624784313656,-0.29516434234031447,-0.18596080689193276,0.5885393248421655,0.609475445191762
187,0.7958893243869051,1.0746552401730205,0.46110885444981015,-0.2915775159565289,-0.39674660534139056,-0.14454831949252345
4665,-1.152978689268355,0.2852720050992185,-0.26038866288044127,0.09560195478603625,1.2682591610334908,-0.1835033963873506
4480,-1.14368252690685,-0.923869748588203,-0.24369843833647178,-0.19058342893944089,-0.12336604254813474,0.17372368805997349
1563,2.850518330152552,0.07512174926170052,-0.3844405539374883,-0.17880659091414627,0.5914952436135357,-0.31253500467757955
2306,0.8745040881306734,1.5471643330979874,0.8494505065481359,-0.23608781237189713,0.034028477690073985,-0.11258853805570826
4265,-1.1417925705762118,0.8340007868626758,-0.23792329088363065,-0.10055370735971185,-0.0709542075234734,-0.3688486180694248
2955,0.9060669424080224,0.02316171522893464,-0.25563384537445943,-0.5287159692957598,-0.28896899035100543,-0.3397652415980055
4083,0.7761338772967912,0.8135400070913756,0.49512115570824905,-0.3101084251566439,-0.27870838360145705,-0.45691631503458063
2753,2.5724623270076004,0.002322004967137308,1.416933225443059,-0.4658753468539802,-0.29780999611114656,-0.0035195580445029503
1057,-0.8947736593648695,-0.00404779367698149,-0.5919613847977181,-0.5316771577088651,0.7395877686502311,-0.29125685566140963
2304,-1.0748243401161706,-0.6706967059136385,-0.21210852379288228,-0.20818026246197768,-0.12664701858663163,-0.24663580876257224
663,-0.7354186841129714,-0.7374791121957045,2.865800681582693,-0.298539297078387,0.022399595111827396,0.725785308042066
92,2.512152163241263,0.26901330846275534,-0.3541264031090148,0.3422346548204122,0.7781180004494969,-0.48930959637256494
1003,-0.9808088024133711,-0.5423423502742121,-0.1996359998034092,-0.357657068179139,-0.2763990161258965,-0.24663580876257224
574,-1.1460918749781235,0.19089113118420264,-0.3323963213929653,-0.11268481153633969,-0.06294812229857248,-0.26652701640109144
4760,0.9821258254095301,1.2802628830201355,0.8774860364335908,-0.36004789912087015,-0.1755419393416384,0.05867347186536245
3438,2.506402844761673,0.7023447618044358,2.151603974305242,0.24618296946012772,1.0271480695404154,-0.3214515635291331
1202,-1.1417925705762118,0.2054508958813074,-0.21967605266645493,-0.10528786666788768,-0.2636811808853638,0.6326826510751938
603,-0.9944560832051464,-0.7387686275683263,-0.3920437175965879,-0.30549382357654015,-0.028907218699869935,0.05570299425988526
1053,-1.0051376703089892,0.16345647905127184,0.03962836008373521,-0.5868637116507619,-0.1910277479428337,0.14969734805110507
2228,-1.024751603290022,-0.5818725434745836,-0.2326420350385106,-0.3602785437999835,-0.15218728117477262,-0.18407377985925313
1076,2.6833970028156204,0.23306399718424267,0.67210005036606,0.07741107604850113,1.0098773346959893,0.10562869341139974
3528,-1.1339471197713114,0.19190425426661262,-0.3711680213176658,-0.10944664767034709,-0.06590435456532698,0.18325163536473785
591,-0.9819920271414744,0.9929209367187417,-0.22661906145004465,-0.35347885392490075,-0.021301543206700142,-0.36032886419316823
358,-1.0789224848520915,-0.8961828359015163,0.4193383294798458,-0.20236031103886085,-0.6337193560776964,0.6191883706329883
3706,0.8033843518676117,0.0830369782743999,-0.41268302820534214,0.32787689526648545,-0.37274237821624895,0.12099832419675116
2025,-1.2230658547914217,-0.8556751270254981,-0.2897915522035361,-0.16001604881071313,0.5860277270901011,0.16579885058816252
3811,-1.0357991707393226,-0.00646966849296744,-0.6650219199594057,-0.585749800544188,-0.2903267704505974,0.08607105759481481
3162,-1.0368870455362589,1.2594004824223284,-0.6285598248517619,-0.3514632128548257,0.011760400998931612,0.16067957280567574
1611,-1.038748357340407,-0.5439828365854166,-0.24370397334311586,-0.35638700075835955,-0.245073104218659,0.04492090259458252
2581,0.8615981862011165,0.06763499351855648,-0.009425867704801931,-0.3132118266070086,0.022402051156813964,0.22283686208899192
815,4.2553884642993935,0.22734706976681002,2.1130208687716734,6.166890877366091,0.9969330935189716,-0.3088808563790273
984,-1.051588272868975,-0.5558966785843404,-0.19960287386001002,-0.35615262507948997,-0.16157842335275482,0.17763765960573272
961,-1.0779730630612634,0.06104451117183016,-0.6026896449327448,-0.2380582481924519,-0.41394978129875176,-0.15458475505487837
4503,-0.9620190342010845,-0.5775401205723449,-0.549952045092647,-0.35726653618606385,-0.16790733581062003,-0.35331910192203475
135,0.8061172697706286,-0.1215518111848974,-0.5493128094620277,2.617810882024152,-0.26623902147304246,-0.1988566599731973
149,-1.1966867226656859,-0.7481412249280217,-0.295991030634013,-0.27803000344888235,0.578182516373011,-0.2834558755234483
2606,-1.052771497597079,0.9495337149076322,-0.21256953826646782,-0.352364942818327,0.031076777149674467,0.2061428653295382
3786,-1.0368870455362589,1.2810359552566981,-0.6281692928586867,-0.3483382139342971,-0.07499110698622541,0.30333623836855267
3833,-1.0524942877936423,-0.5564993309319165,-0.19502155871886523,-0.357657068179139,-0.17214545715123206,0.060457462819086136
1818,2.8562100506594597,0.2884190100394546,-0.6711390121185808,0.12721343700900226,-0.1855661633630772,0.043598248993987385
2397,0.8762828316560715,0.10749906105265489,-0.33897413016983124,-0.5364125379228771,-0.22562630990109764,-0.199911752578098
1016,-0.9988996107318412,1.213156906682427,-0.36617742382117446,-0.29792393969476394,0.06136879915769943,-0.06595247011128655
2710,-1.1827885135606788,1.1331484757761245,-0.3089481917049043,-0.2206869725853009,-0.06270441668505448,-0.2879112896248171
1012,-1.0352288640992087,-0.6485425673288927,0.4585807626549909,-0.3666282882765456,-0.13907868826715755,-0.0030923553408648526
3171,2.633447218630946,0.10580440626956657,-0.5034317211123968,1.1369468867977586,-0.1791125597034758,-0.3776979811613514
4976,-1.0257362803107948,1.0498616194308805,-0.37190996256737446,-0.2937980209742704,0.05213339651992992,0.06220694912360302
4080,-0.9819920271414744,1.022107099618178,-0.22661906145004465,-0.35347885392490075,-0.3262099607519986,-0.35804184153414537
3257,-1.1037950975314226,-0.7612737370916549,-0.35883231632248563,-0.2747918395828898,-0.3263801002222702,0.15408475761683504
3333,2.3357071816544894,0.6420624106837028,1.8314378367213116,2.6295807635170103,-0.41439575209867124,-0.6081280709904843
2255,-1.1465098254964428,-0.7090241858944801,-0.31992644086481875,-0.11397319075759586,-0.12317718508803839,0.022968377697895236
1136,-1.053576989517228,0.36608236857805954,-0.5985515957960363,-0.357135059440123,-0.29816901797138684,0.009415086220029104
4710,0.7548153519432399,0.08289195096807019,-0.31930459155367064,-0.16884908952787817,1.7291968830202264,-0.25530345096232415
676,0.8745049029980476,0.7380046742274924,1.5027594579175612,-0.41242608065832165,-0.044782410587580965,0.18850127315941223
4794,-1.094580603369849,0.550420113796672,-0.3850781885671431,-0.1905311334056966,-0.15233419270240292,-0.17464792968758663
3329,-1.0560590894790314,0.45005047370767093,-0.33080984671506286,0.16898029204657478,-0.1213841024740103,-0.14572452340428133
2771,-1.1034525124137013,0.15300498291838885,-0.30865234516051576,-0.23050363640715477,-0.10816432426601821,-0.3145480253804919
4771,-0.9205628963647653,0.053301670401310716,-0.6212451352902604,-0.5868637116507619,-0.17689580208423125,-0.3117617530675159
3014,2.6331232877810833,0.31683960521586474,1.7788696459464164,0.20161276639113174,0.024011653890829918,0.2519030929174649
357,-0.9567175986548204,-0.6696774640421792,-0.1980235469078268,-0.2990901463350823,-0.011210611936288008,-0.24345702185650256
2486,0.6641359915020429,0.3766434557208937,-0.33034866966405335,-0.01843044367481864,-0.7288024931820759,-0.010438786075478679
4770,-1.1313076325926843,0.36254140413160335,-0.6699716051992463,-0.002237996201990334,0.6562326334289691,-0.17295055580048585
2549,0.7889621224243241,0.9045493620491369,-0.42770191280337316,-0.3193052216621971,-0.32771112093437876,0.03976786223844726
4320,-0.9667458758220634,0.09104119872480387,-0.41254381095503834,-0.5363610664620178,-0.02543644759105839,0.02227510493737053
4392,3.5265624990244606,0.4406060193271189,3.205657652877747,0.2972955228282089,-0.06194570043882079,0.3460598754104869
3997,-0.9603587684059727,1.0767556780500482,0.03633338639432542,-0.35347885392490075,-0.15914319904424382,-0.4345695321390204
2212,-1.1425243582501803,0.8281404067538405,-0.21884829421921367,-0.1798453811295396,-0.031535035250710386,-0.06632134544767107
3175,0.820500584906438,0.19753903734317113,-0.2526174826738663,-0.009806123187243715,0.011649228807813054,0.246190384531277
1485,-0.9586000639644046,-0.608503512116533,0.4853464350705599,-0.36111075327067654,-0.25818752794963673,-0.33367928307835587
3150,-1.0524942877936423,-0.524861327451827,-0.3074539168753457,-0.357657068179139,-0.025417695689487457,0.022968377697895236
2921,-0.9621195572056028,-0.6591074886535722,0.10638663877976856,-0.35726653618606385,-0.2142761349744128,-0.35014031501596515
2475,-1.037112150344034,-0.5818725434745836,-0.35369519682045547,-0.3602785437999835,-0.15066986146354125,-0.17171323280524053
1863,-1.024751603290022,-0.6633439409279543,-0.2326420350385106,-0.3602785437999835,-0.19818172821118987,-0.1808949929531834
803,2.6436616066490384,-0.06873981987887752,0.4212453735539254,-0.23063569089596045,-0.3407271130536259,-0.35809052359116306
3524,0.865299195360422,-0.06928648556147889,-0.3024678703554362,-0.5995361678973818,-0.6795813018055141,-0.20064746717379447
887,-1.1275952030688408,-0.7612737370916549,-0.25495457643008174,-0.27422613273992674,-0.06206437150863449,0.18757756815745966
1078,-1.142399010807664,0.13103042622479408,-0.3357210484020062,-0.30564369962175514,0.6468542839665974,-0.16687769827536839
2089,-1.050893112547219,-0.5295731882538318,-0.24370397334311586,-0.3568906976968987,-0.245073104218659,-0.2942379671887511
4739,-1.1490225284177078,1.0087157489213223,-0.4143418052844517,-0.08796766718640893,-0.038060019794039626,0.24479617895484418
863,0.8438411363216077,0.38749270552213794,0.8759787186770623,-0.5995873133819248,-0.15041308589106797,-0.5253363368502096
694,-1.1292444018020091,-0.7240887057355792,0.43553729432359745,-0.21339267190067795,-0.08143144978562857,0.6084062789676857
4301,-1.1465098254964428,-0.8221335868279402,-0.20749408270833825,-0.11397319075759586,-0.17284518575604527,0.06363624972515583
2587,-0.9831949424491846,-0.049416606637218335,-0.6174978865471562,-0.5898757192646813,-0.27749566255651936,-0.154284902019555
348,2.2052458260898185,0.4090179700375498,1.3695049034191358,-0.32085948038086276,-0.7422101109119523,0.357857287454802
1584,-1.1982878979121092,-0.7992378669292435,-0.35974097416624273,-0.18458930222674058,0.5616745357489943,0.02240237157857042
4280,-1.1400834917461422,-0.7622119996688783,-0.31768827727153903,-0.27711675598158564,-0.34440395010281744,0.13833511755002328
976,-1.1179719094767855,0.9125311534099803,-0.30865234516051576,-0.24143047318134475,-0.09081843308480547,0.04666783112916536
344,4.051872716028536,0.24973125807820046,2.478959817191252,5.485820555353145,0.30563950727468375,-0.33318055891764475
1829,2.7280758337099753,0.19022441913864566,-0.2888428263534927,0.21342996113987964,-0.3474682747020783,0.6965579289587356
1071,2.690505883842227,0.18786107231188423,1.7965681563788327,2.5333292784397723,-0.12865002657313448,0.012401537784866684
4666,2.1767988354606493,0.14406645654854683,-0.3903519487919251,-0.9821819668824758,-0.661351208354171,-0.196705775865851
1951,-1.050733498994013,1.0950992868381406,-0.2471068745537167,-0.3530883219318256,-0.15399243737137427,-0.06950013235374075
2806,-1.1135984490184554,-0.7607648750796667,-0.24428317011855147,-0.2812426747020792,-0.07282610416608391,-0.1808949929531834
1847,-1.1064667527604903,0.21160475427769498,-0.4244349107210496,0.07250403398764807,-0.24362383218210967,0.13062856802331851
3199,0.9433034733375851,1.3321443114043456,1.7057396086130938,-0.6958678151715302,-0.11287818027667035,-0.059882019797886814
4211,-1.1447490366968136,1.0113562015202453,-0.4194630635868298,-0.20400204820773973,-0.05770733692911363,-0.10332682218205241
3281,3.1056038591561044,0.35784598739193857,1.2765131553206135,-0.18469463833273841,0.07890740412480102,0.8167140450687431
4070,-1.038748357340407,-0.5123448331053271,-0.27892466030627616,-0.35638700075835955,-0.2413995505870691,0.08464348866671198
1849,2.749304364360914,0.15469341875281778,-0.4789018755305217,1.281094984923228,-0.4477214267832295,0.25084755915682344
2660,-1.0750367515551262,-0.5833196680637954,-0.32421142967126637,-0.35615262507948997,-0.15066986146354125,0.16294159639467076
2381,-1.0602447659887044,1.0007325302018317,-0.2556341157172481,-0.3914184768689317,-0.14768460758018423,0.16387237756005726
4372,-1.038748357340407,-0.5439828365854166,-0.23391409298734595,-0.3603301086156038,-0.5074442909847047,-0.006638904313514829
3020,-1.024751603290022,-0.5818725434745836,-0.2326420350385106,-0.3602785437999835,-0.15218728117477262,-0.18407377985925313
4775,0.8099778245902939,0.0802994652181153,-0.1278051402270123,-0.2424136810935465,-0.22707294976590323,-0.26565300435257555
2160,2.6460631798854077,0.23180240833322244,-0.3204540659416397,0.23232699806146137,-0.32583473905715143,-0.516179902268055
2524,-1.084931897906805,1.1414564777106933,-0.377985568922092,-0.2939656947922712,0.7123774196967946,-0.16998422797137788
3493,-1.1087722943187486,0.25146034102794806,-0.1873474680264146,-0.29856813759606643,-0.04041367303524722,0.14013343320066063
556,-1.0026881809244197,-0.14690408030712093,-0.6286367198377213,-0.5898535475598464,-0.3166083455633302,0.010352787659256384
115,-0.9351619078858155,0.16440569684011686,-0.4175156580892584,-0.5352471553554439,-0.46983220040836265,0.11000755627778339
3982,-1.0524942877936423,-0.524861327451827,-0.3074539168753457,-0.357657068179139,-0.025417695689487457,0.022968377697895236
755,-1.0509455477965757,-0.6722562129306073,-0.32298950876875915,-0.2979762352285084,0.010842327604556418,0.16612038330074042
2260,-1.14314786145039,1.1739453711693868,-0.309042877153591,-0.2028806360692788,0.05301683873149954,-0.23257316728436264
1809,-1.0465938081453074,-0.5202865843676598,-0.3195208670294669,-0.357657068179139,-0.24833080703949525,0.13361703158051147
1487,-1.050893112547219,-0.567971757154987,-0.24370397334311586,-0.3568906976968987,-0.14061582511099788,-0.2942379671887511
1678,-0.9597075356538839,-0.11091920042646031,-0.6112797765338479,-0.5875873806421216,-0.47747777115932705,-0.20574036662990489
4928,-1.1179719094767855,0.8971083819959855,-0.3909338070177601,-0.23869600625389134,-0.08640209994716974,0.21500380646028433
4192,-1.1316802733491953,-0.5181007620307613,-0.19502155871886523,-0.357657068179139,-0.2766027362588932,0.13964344837463902
1429,-1.0561350949084023,-0.7617989496428548,-0.31310709124479547,-0.11436372275067104,0.021629366296063553,-0.35331910192203475
4156,-1.053576989517228,1.043075657028845,-0.6155769131107046,-0.3530883219318256,0.5777220089243044,-0.10332682218205241
2236,-1.01584037830996,1.143439451603847,-0.36593093428709117,-0.2966990419460921,0.05844122631111999,0.08371034694570306
4161,-1.024751603290022,-0.6633439409279543,-0.2326420350385106,-0.3602785437999835,-0.19818172821118987,-0.1808949929531834
2194,0.7736914174052408,0.2572083161389945,-0.2506438255950979,-0.007930198384732903,-0.22567838707885832,0.16368323106217428
4964,-1.0730635513165414,0.9678015296054499,-0.38103366449671633,-0.20439258020081483,-0.2756891857764336,-0.34855411465216857
2459,2.5329159452182592,-0.08269140992030201,-0.3046204192690296,-0.17903893197686965,-0.2757998759352772,-0.3006579444744032
792,-1.1843896888071022,0.9643466047066083,-0.26026577708065324,-0.22219891671683692,-0.03645387885480475,-0.05879329942587574
4982,-1.038748357340407,-0.5507434020064823,0.12770601373573987,-0.35326200183783096,-0.13775199488573328,0.22412136732351945
3338,-0.9607559556397192,-0.760511371731291,0.8711619139930251,-0.6107216040521436,-0.14153445881604113,-0.3916220701996885
231,4.0315875248077715,0.2442719031543339,1.953630592017547,5.847315274416242,-0.3847239223422098,-0.3545397387264236
4727,2.4845521541174094,0.516787279542035,-0.6665013694562723,0.12466623691279918,0.15670573207951347,-0.3548723347939795
2158,1.9515264797749594,-0.02027165883708318,-0.2563482087482055,-0.9749326383107079,-0.04432462869906182,-0.4929550908411297
1744,-1.0369875685407774,1.2749861560721196,-0.28477748791969026,-0.35501578871899464,0.5905585918149356,0.08583044116943891
1664,-1.116635013059991,-0.8564190713732605,-0.1935028802075469,-0.18290968427720367,-0.35162026619284603,0.17718508318861956
4454,-1.1986620792257898,0.8473254308606892,-0.7432399208502033,-0.157669103681863,0.6273235273711719,-0.10636857289113585
393,-1.0498274840693456,1.0802791677717223,-0.41196238673157676,-0.352364942818327,-0.1487663808274132,0.010674587698524411
1448,-1.0524942877936423,-0.5564993309319165,-0.19463102672579008,-0.35726653618606385,-0.17292652113738236,0.060457462819086136
2746,-1.038748357340407,-0.5507434020064823,0.13710536209843477,-0.3603301086156038,-0.14773266355703243,0.03547366679871719
2408,-1.2135123572106976,-0.7643135549691997,-0.2070055420685747,-0.29343872104817675,1.914809624057976,0.06668511282184096
1159,0.7712836576576211,0.18050950680556338,-0.4359935561268541,0.05910819862752909,-0.21933415925911406,-0.19825748213369201
4158,-1.0373847557745235,-0.7621518580424955,1.0259962857150278,-0.5911078887699821,-0.11930212058161214,0.8488835787169983
2389,-0.9365165282781104,-0.7371281412571218,-0.20402097660520369,-0.3067638909973196,-0.08348386143218427,0.5810812312773879
4215,-1.1144399101187734,0.23006139474698756,-0.37126354324145183,0.01024785040025377,-0.15608313760416567,-0.46523112899631736
1740,-1.073392485707435,1.2205943999612414,-0.38052990362936306,-0.3484815074748435,-0.14323961502237345,1.2602244023901072
3360,0.8187274594399594,0.0674055376601662,-0.2654987113015561,-0.30577189036981506,-0.0180754234683844,0.626955914115238
862,-1.1561911072136417,0.7499361596293226,-0.5293066763288408,-0.1743032029587378,0.9357925881483349,-0.1263210886668241
4138,2.881452168263435,0.9241284513769186,1.315860221735758,0.11729558752792806,-0.3347133177739599,-0.32916521729746584
2800,-0.9621195572056028,-0.5423423502742121,-0.20300251674910205,-0.357657068179139,-0.27563145669109634,-0.3310208564441793
2879,3.466253985630511,0.2598770767134652,-0.08195302723846619,0.18860099638928177,2.1766689261597394,0.9857952550862629
1807,3.330200005211553,0.12812934926934252,2.123540264898206,4.198938236639104,-0.2861584960233497,0.1801077448616553
3739,0.7637873949844258,0.7374650298872076,0.5353569889543482,-0.3238388596396698,-0.13899358103082263,-0.521650424555245
2305,-1.0861390652325225,0.3657652356083982,-0.38971188611525287,0.0033553593249676036,-0.006867890501128878,0.07870471470954646
4333,2.5958578551789855,0.2595672913599301,0.03741784522337653,-0.20631607023305656,-0.7012953849174676,-0.25342860503992437
140,2.520863008917543,0.47700894739591865,-0.6886387092256927,-0.08729368386740735,-0.2984807846275115,0.5424934032165837
3498,2.253923735981518,-0.16089574774405638,-0.619959751174065,-0.9583169812185555,-0.4389453520574848,0.040419462087917746
4643,-1.1460918749781235,0.7000635172896135,-0.3898057915279166,-0.1082830323718218,-0.08853974758046873,-0.2915992744071214
2026,-1.053576989517228,0.8566375976358893,-0.6155769131107046,-0.3530883219318256,0.5327189492507141,0.0010366797344870796
1597,-1.104953164655606,0.09022102036176663,-0.6695616054103045,-0.23201558053869062,-0.24907580771458263,0.01149301327206775
4869,0.6956036384898072,0.5141819324018153,-0.4125092971775172,-0.3298936412351889,-1.2277598617164394,0.1158871356377926
1235,-1.0587903886496075,0.2263516485107252,-0.26639493054306634,-0.3021458520529492,0.617460483002041,-0.17443883408060246
2569,-1.053823596361203,0.25633442349441343,-0.12841296917512235,-0.23201558053869062,-0.2620775476030397,-0.13526708933707385
4009,-0.9552185023893422,0.08606987039379554,-0.6513461851563167,-0.5349938287010502,0.20719224385814686,0.0808003730115141
3791,-1.1327638950432073,-0.766544263929225,-0.3772296591145339,-0.109968656409363,-0.09383234638833772,0.18439878125138995
2290,-1.0557458521173557,1.211975741142332,-0.6573124198485801,-0.298489646537727,0.7019613797465457,-0.05834916535205351
595,1.9754472909896446,0.4879001237493666,1.4859421165150792,-1.365148017861284,0.5704894496853101,-0.48455288121182455
1133,-1.0956930611849856,-0.7453827869887907,-0.33675485837914576,-0.2154652087161561,0.4181192798576561,-0.3180836450395177
2075,-1.024751603290022,-0.5818725434745836,-0.23303256703158576,-0.3606690757930586,-0.15140621718862238,-0.18407377985925313
3100,2.2277372777646653,-0.13731562203184758,1.410980987457617,-1.371916286471428,-0.3217579967581464,-0.19127053097143856
4179,3.149290172614889,0.45672110337461497,-0.7343119393509241,0.2181293890801792,-0.2998200744457853,0.22001890173885444
4722,-1.009916420475184,-0.7509657555342666,0.9791712188047197,-0.32791111457512373,1.5392053668709142,-0.26146434196448576
3646,-1.1447490366968136,0.9897207286858751,-0.4194630635868298,-0.20400204820773973,-0.10347166239580927,-0.11785370687274968
3868,0.9162386405044254,-0.024584509502933477,-0.6072770384088054,-0.6007012231243225,-0.2835647721339063,0.04957181719515631
4690,-1.1195388878989425,-0.9085218376793947,-0.38317346246529055,-0.19093096956377453,-0.13279154187312422,-0.2834558755234483
4819,3.726840923750792,0.2513296291071658,2.226321264058369,0.3365559253346214,0.7203085444345814,-0.29307731760911976
3702,0.819987609683796,0.19918246797275857,-0.6550180838031464,0.08731878784631132,-0.2236680002409269,0.05012878699577698
4565,-1.0661089555298102,-0.10165126395473881,0.4823444614706495,-0.2034821175596772,-0.8148436858316344,-0.17328227014805497
1090,-1.1672915004582975,1.1830170865237755,-0.23413703735214073,-0.20288813710116585,-0.11343842507839891,0.9123062228088632
225,-1.0259348280181257,1.1548586382383614,-0.32789016130221277,-0.3564908615388205,-0.304312760751367,-0.07141827967637904
2661,0.7454723445145991,-0.001637652881214144,-0.24026459201908548,-0.5409470743484904,-0.14088558758964934,-0.4199377536499232
1531,2.2791277116693993,0.8644142544530464,-0.3638918643540273,-0.9431832746230195,-0.6418480841324098,-0.25540204730641275
1142,-1.0682920465759203,-1.0336107750407557,0.9245950092311435,-0.3741405800721454,-0.06294084124215248,-0.30242786580676645
3029,-0.9549568098551903,1.03222084345648,-0.2649063239690062,-0.29491193208084415,0.039471599157067674,-0.3548630546280756
3544,0.8842250221030545,0.7818967645225248,-0.631570183922396,0.09511705497790057,-0.22091343834097013,-0.2626190175946231
3970,-1.0750367515551262,-0.664791065517166,-0.20273510914205728,-0.35615262507948997,-0.20431243174836153,0.1718279280906479
1194,-1.1438430217721463,1.1104454876537635,-0.26494177767048477,-0.108681065396784,-0.056326001827075686,0.29676231989682933
1183,-1.0750367515551262,-0.5833196680637954,-0.32421142967126637,-0.35615262507948997,-0.15066986146354125,0.16294159639467076
749,0.7518132941759835,0.4260917730841293,-0.43141005702482516,0.012498355652535926,0.03740184241376266,0.10702857362800433
552,-0.9621195572056028,-0.662212316628738,-0.3220347767327263,-0.35726653618606385,-0.21643226889477132,-0.329472439343355
410,-1.068171396192765,-0.057551887259818524,-0.6207697521228437,-0.6030604115766487,-0.10751231782188447,0.15974904363562592
1532,3.012353703813963,0.20795988226735543,1.0979328972370423,0.11276858648649392,1.4438383967088146,-0.44435347443800377
4854,-1.0268019087886684,-0.656753975250315,1.3866807377264396,-0.298323775852842,0.02353080713169161,-0.24697254733371413
761,-1.119705760108821,-0.8598660449237681,-0.24624859289131665,-0.09903375898230449,-0.3352308763864273,0.16960091387208276
3304,-1.0764450118128424,1.2186035870290668,-0.6283959487173126,-0.36932851645199577,-0.10262993268348544,0.1053414504652212
4364,0.673140477411051,0.510138901940544,-0.29314991017023373,-0.015389065781075748,-0.6512001452495289,0.19093439067865045
3090,0.9493098604189765,0.5691998893214276,1.4513579819344307,-0.31780159450995504,0.05095898753178254,-0.19392213129507477
4877,-1.1400834917461422,-0.7622119996688783,-0.3186771428617663,-0.27768246282454867,-0.3371418328797197,0.13262757276011583
2083,-1.1429903322552448,-0.7126162795125084,0.47922449930607824,-0.21163394755351528,-0.10940680997816875,0.059429405990155004
4944,2.4768254756379267,1.1346283502967556,1.826783092754391,-0.4075614024716497,-0.07383337102345836,-0.12932342727347224
4465,0.9337527178318088,0.03526686160758971,1.3625354831178822,-0.46517753892765806,0.9591288841152825,0.20956596358021168
4512,-1.1327638950432073,-0.6723371922248429,-0.25617649733258896,-0.20691019504119826,-0.09532110667939407,0.04492090259458252
3481,0.8222231028016246,0.2824640522191946,-0.6217803035666258,0.06474944758472814,-0.12020448123584343,0.052750604101225965
3705,-1.1690522892579267,-0.6732754548020665,-0.18166118952421428,-0.2070663513554038,-0.11794109867298742,0.8262217966412778
4939,0.8758111605925869,-0.16934463467054633,-0.2740155087723261,-0.6021354718133916,-0.2883841168190928,-0.20392274615406134
3287,-1.1773538236893761,-0.7633752923919763,-0.25095662400781527,-0.2905480978065179,1.5726140925662957,0.6048098251047341
1245,-0.9608453961737288,0.0513445861979563,-0.37255558531596256,-0.5278072191182503,-0.10472444494493938,0.5363815566542216
2793,2.791731880158517,-0.07439541308872198,-0.3726533343563617,-0.1754920394498386,-0.49555823829531503,0.24734315723829572
2330,0.8100783475948122,0.07483880884402917,-0.631570183922396,-0.2352168449163317,-0.22669859763852765,-0.26565300435257555
1319,0.8758111605925869,-0.18476740608454117,-0.3562969706295704,-0.6021354718133916,-0.28393912426128187,-0.17506464947974976
4004,2.722200656846702,0.5437839331857922,-0.40824840935532974,0.07758466431801726,-0.3173556924215823,-0.4368200364651963
2369,-1.0352600418442324,0.3864991755751876,-0.3145961485112726,-0.004318385337269658,-0.5393299831567678,0.17018586351232026
2109,3.021453145329721,0.1654000955821704,-0.30968597891988914,0.18998077047799006,-0.47071701872228994,-0.2004612922931173
4537,-1.1465098254964428,-0.6962885116434687,-0.31992644086481875,-0.20818026246197768,-0.16917163212445538,0.02614716460396493
1419,-1.1638835972835602,-0.7305739961887889,-0.32723176112584296,-0.27711675598158564,-0.06915255053449394,0.1286312981795495
2554,-1.046493285140789,-0.5522974119857575,-0.5454172335910669,-0.34871268884229634,-0.17564721602496178,0.6058697430607599
3888,-1.1327638950432073,-0.7538085896782138,-0.25617649733258896,-0.20691019504119826,-0.1413155537158111,0.0480996895006522
2164,2.75896145074238,-0.0036980826562450866,0.4228042001028877,0.07316054451687974,-0.32656534150963124,0.1312415778822791
4749,-0.9768602939940535,-0.6708090883413955,-0.3352978540284071,-0.30266786079196506,-0.25499082082031077,-0.214387803493808
3371,-1.1339471197713114,0.28611132597099453,-0.3613781409618957,-0.21033129415942675,-0.0766660872227764,-0.005396065160064449
2231,-1.0268019087886684,-0.656908302021799,-0.36314468222947843,-0.298323775852842,0.02163271968218093,-0.29105918028268146
1014,-1.051588272868975,-0.5833196680637954,-0.19960287386001002,-0.35615262507948997,-0.16401688109074156,0.20749910682317452
3455,-0.9392521415725336,0.09562611332327473,-0.6154884028861729,-0.5868637116507619,0.5671684575174462,0.38902159684689497
4201,-1.2507660522431623,-0.7392028048718273,-0.22313957980994348,-0.2782306670881595,-0.08892051092930682,0.7353651713187378
997,-1.2570668731890928,-0.7135051352161436,-0.1532053335430973,-0.1869804381709353,1.0029216987182215,-0.3339580725684913
1587,0.9270623474277949,1.3052020454874347,0.8390057560952313,-0.2521117353399406,-0.06388561372941316,0.8139622763267067
1703,-1.1287784277969448,0.1371641359284175,-0.24889293863321352,-0.27370412400091076,-0.09414702486138904,0.7127198655654168
4232,-1.028403084035092,-0.6137978723186388,-0.3058414639797633,-0.2990901463350823,0.003607319346932809,0.014799066819337374
588,2.6458921887238787,0.22239698326752141,-0.30413810567907834,0.15779949392888165,-0.18249324918501222,-0.5113283658604434
1865,2.709512570491613,1.4077693989383053,2.4516182334523946,-0.25683055110436015,0.6107303978689395,-0.01904212943216728
4567,2.8273892661357567,0.19451485969751775,-0.08010290770347571,-0.15072347049197696,1.609226499867507,0.23102717543817008
1243,-1.0244612029489613,-0.7384173747729281,0.43399779033083086,-0.301429920320046,-0.31866156933902945,0.1428126835363725
728,-1.1690522892579267,-0.7231088487753479,-0.32783724971756917,-0.2070663513554038,-0.16026199207781452,0.13984446578473728
2760,-1.0398310590639925,1.2224447805355176,-0.5882695774441427,-0.35107268086175053,-0.13207487081737337,0.16067957280567574
3908,-1.0885365319584188,1.233930387815205,-0.29571225924420386,-0.3668141230952553,-0.0969943830419221,0.21596123244771676
4960,0.8762828316560715,0.11305568805459751,-0.33733392099455906,-0.5436093741000919,-0.22562630990109764,-0.199911752578098
1526,2.3538826881280475,-0.08265851899550629,0.4283793225417391,-1.0472795581401333,0.52849496245294,-0.20026731822675334
4806,0.9489685444720125,0.2595450127891553,0.7294089060641088,2.916658447750791,0.2508206748427015,0.28865175242392077
1120,-1.050893112547219,-0.567971757154987,-0.2433134413500407,-0.35650016570382353,-0.14139688909714812,-0.2942379671887511
2981,4.115721147441018,0.1985220426139973,2.4122976054590297,4.537793168678083,0.04995816647060158,0.18720033182778667
537,-1.0027797835315595,-0.9216419706383578,1.2341354381790852,-0.19261401344471965,-0.3801803783302688,0.015763442892575055
1070,-1.0082020136583816,-0.7128865530136708,-0.20057483007654683,-0.3067638909973196,-0.08368758156518093,0.07123955448438886
3127,-1.0760075648442746,0.8087580782760886,-0.23909158543951778,-0.10979497650335782,-0.11906103260525097,-0.36032886419316823
3297,0.6650675722222279,0.1741927569653104,-0.1200415683011389,0.08380231022354209,1.3726982239995875,-0.22350097000094854
354,1.057204290399232,-0.8328024083530334,2.1571370273279933,-0.7406872611048612,0.9507368215410387,-0.09659128934636224
825,-1.1430858296225557,0.36952662279613996,-0.34846687846193986,0.0033864192696170456,0.555651896129757,0.5879436678947726
774,2.6687463331008385,0.026086637599923756,0.3911702868473281,0.16116726497461137,-0.7379297561985664,-0.49884887729992194
3115,-1.0509455477965757,-0.686167665487883,-0.1675762126391588,-0.2979762352285084,0.6642279551456161,0.8294005835473472
1377,-1.206128637348306,-0.016693229098047865,-0.6031419199864391,-0.2350054164477753,-0.269561283577779,0.6180089916039779
2250,3.7630390412468766,0.06906860348528114,1.0024794081746833,2.9477154648252375,0.307903766867304,0.6230527425390392
169,2.5107761118746152,0.16917686280742222,-0.33663627860304285,0.12689141455674147,-0.026786525659893028,-0.2970891162029998
